_c0,_c1
1535760000,1553159
1535763600,1539935
1535767200,1490035
1535770800,1363639
1535774400,1497119
1535778000,1475419
1535781600,1554678
1535785200,1513643
1535788800,1489277
1535792400,1537052
1535796000,1552508
1535799600,1560517
1535803200,1668584
1535806800,1695998
1535810400,1723700
1535814000,1703157
1535817600,1716790
1535821200,1737264
1535824800,1718078
1535828400,1790179
1535832000,1715068
1535835600,1590678
1535839200,1517516
1535842800,1470484
1535846400,1379309
1535850000,1307916
1535853600,1346394
1535857200,1264212
1535860800,1308779
1535864400,1356104
1535868000,1412800
1535871600,1460304
1535875200,1487173
1535878800,1480565
1535882400,1505211
1535886000,1555772
1535889600,1641073
1535893200,1656978
1535896800,1683046
1535900400,1722898
1535904000,1709947
1535907600,1700225
1535911200,1845038
1535914800,2001221
1535918400,1884647
1535922000,1766882
1535925600,1550111
1535929200,1483411
1535932800,1388606
1535936400,1307550
1535940000,1405183
1535943600,1380069
1535947200,1450105
1535950800,1532774
1535954400,1695350
1535958000,1771589
1535961600,1783749
1535965200,1752748
1535968800,1773453
1535972400,1861689
1535976000,1977930
1535979600,1885009
1535983200,1875775
1535986800,1738805
1535990400,1764421
1535994000,1743121
1535997600,1816707
1536001200,1725845
1536004800,1781232
1536008400,1602347
1536012000,1479756
1536015600,1468198
1536019200,1419548
1536022800,1406869
1536026400,1519432
1536030000,1706589
1536033600,1479186
1536037200,1492202
1536040800,1597526
1536044400,1632529
1536048000,1671957
1536051600,1676045
1536055200,1705552
1536058800,1821534
1536062400,1965963
1536066000,1977503
1536069600,1963913
1536073200,1857914
1536076800,1806027
1536080400,1805627
1536084000,1775953
1536087600,1871788
1536091200,1850808
1536094800,1674471
1536098400,1540611
1536102000,1640741
1536105600,1503349
1536109200,1501197
1536112800,1488594
1536116400,1468868
1536120000,1430105
1536123600,1470424
1536127200,1582687
1536130800,1583231
1536134400,1646925
1536138000,1734751
1536141600,1681264
1536145200,1643400
1536148800,1738229
1536152400,1848162
1536156000,2003220
1536159600,1930467
1536163200,1880474
1536166800,1884230
1536170400,1905955
1536174000,1901856
1536177600,1923369
1536181200,1723949
1536184800,1604539
1536188400,1584792
1536192000,1566399
1536195600,1452414
1536199200,1461081
1536202800,1421607
1536206400,1404467
1536210000,1507565
1536213600,1668873
1536217200,1816297
1536220800,1913864
1536224400,1766705
1536228000,1798776
1536231600,1843113
1536235200,1955122
1536238800,2003435
1536242400,2032390
1536246000,1926418
1536249600,1940084
1536253200,1872263
1536256800,1897153
1536260400,1952014
1536264000,1853845
1536267600,1760125
1536271200,1582977
1536274800,1616392
1536278400,1540037
1536282000,1445871
1536285600,1361778
1536289200,1329821
1536292800,1461984
1536296400,1613642
1536300000,1718737
1536303600,1884674
1536307200,2094657
1536310800,2073184
1536314400,2050203
1536318000,1771767
1536321600,1803914
1536325200,1893544
1536328800,1958702
1536332400,1965984
1536336000,1957726
1536339600,1934108
1536343200,1918403
1536346800,1879921
1536350400,1825984
1536354000,1734817
1536357600,1647759
1536361200,1668532
1536364800,1578608
1536368400,1569837
1536372000,1611865
1536375600,1633750
1536379200,1593325
1536382800,1601173
1536386400,1661971
1536390000,1751849
1536393600,1816574
1536397200,1788626
1536400800,1755613
1536404400,1737681
1536408000,1903098
1536411600,1923550
1536415200,1985217
1536418800,1926374
1536422400,1920273
1536426000,1940363
1536429600,1958070
1536433200,1950983
1536436800,1990623
1536440400,1851359
1536444000,1738019
1536447600,1653287
1536451200,1533876
1536454800,1498197
1536458400,1456126
1536462000,1465246
1536465600,1427890
1536469200,1438181
1536472800,1596674
1536476400,1642878
1536480000,1685186
1536483600,1724926
1536487200,1740693
1536490800,1728991
1536494400,1824303
1536498000,1894029
1536501600,1911412
1536505200,1898634
1536508800,1857446
1536512400,1838565
1536516000,1872963
1536519600,1990708
1536523200,1883576
1536526800,1774967
1536530400,1598687
1536534000,1376952
1536537600,1359671
1536541200,1363450
1536544800,1333978
1536548400,1362122
1536552000,1352674
1536555600,1428093
1536559200,1451624
1536562800,1589563
1536566400,1633454
1536570000,1698592
1536573600,1724745
1536577200,1731766
1536580800,1783928
1536584400,1896010
1536588000,1901792
1536591600,1896924
1536595200,1887500
1536598800,1972805
1536602400,1915701
1536606000,1947117
1536609600,1867946
1536613200,1738755
1536616800,1516556
1536620400,1557555
1536624000,1413690
1536627600,1432227
1536631200,1396650
1536634800,1394253
1536638400,1443791
1536642000,1497154
1536645600,1559931
1536649200,1578462
1536652800,1703704
1536656400,1703396
1536660000,1691058
1536663600,1649451
1536667200,1858249
1536670800,1893278
1536674400,1895175
1536678000,1878104
1536681600,1897715
1536685200,1842640
1536688800,1882387
1536692400,1838403
1536696000,1785078
1536699600,1613807
1536703200,1482691
1536706800,1428472
1536710400,1398815
1536714000,1412535
1536717600,1388277
1536721200,1399871
1536724800,1390955
1536728400,1487827
1536732000,1583118
1536735600,1634529
1536739200,1709923
1536742800,1730855
1536746400,1747837
1536750000,1670487
1536753600,1813072
1536757200,1847805
1536760800,2121469
1536764400,2735536
1536768000,2365577
1536771600,2239506
1536775200,2199334
1536778800,2274271
1536782400,2060850
1536786000,1850105
1536789600,1642657
1536793200,1687924
1536796800,1486412
1536800400,1472098
1536804000,1499378
1536807600,1518598
1536811200,1574321
1536814800,1557439
1536818400,1650540
1536822000,1720421
1536825600,1814714
1536829200,1856883
1536832800,1791206
1536836400,1705009
1536840000,1768344
1536843600,1920677
1536847200,1829282
1536850800,1791320
1536854400,1752366
1536858000,1808666
1536861600,1796509
1536865200,1821317
1536868800,1785000
1536872400,1744664
1536876000,1455283
1536879600,1415058
1536883200,1402382
1536886800,1363481
1536890400,1345164
1536894000,1392214
1536897600,1393760
1536901200,1487308
1536904800,1613490
1536908400,1680547
1536912000,1616597
1536915600,1723743
1536919200,1683559
1536922800,1613531
1536926400,1682341
1536930000,1699421
1536933600,1849385
1536937200,1886121
1536940800,1843826
1536944400,1908362
1536948000,1871682
1536951600,1889127
1536955200,1913649
1536958800,1747122
1536962400,1656527
1536966000,1608279
1536969600,1546045
1536973200,1551944
1536976800,1604885
1536980400,1553386
1536984000,1607506
1536987600,1658528
1536991200,1775616
1536994800,1719449
1536998400,1766012
1537002000,1790939
1537005600,1756917
1537009200,1812006
1537012800,1814964
1537016400,1786138
1537020000,1852798
1537023600,1810936
1537027200,1822564
1537030800,1866418
1537034400,1828450
1537038000,1903480
1537041600,1879758
1537045200,1875829
1537048800,1566506
1537052400,1541669
1537056000,1377767
1537059600,1554877
1537063200,1584061
1537066800,1458269
1537070400,1495261
1537074000,1511787
1537077600,1645944
1537081200,1750400
1537084800,1804125
1537088400,1846289
1537092000,1832630
1537095600,1746704
1537099200,1803329
1537102800,1890443
1537106400,2063255
1537110000,1900082
1537113600,1881622
1537117200,1864049
1537120800,1873701
1537124400,1896680
1537128000,2001238
1537131600,1746634
1537135200,1550597
1537138800,1532005
1537142400,1459210
1537146000,1541877
1537149600,1758010
1537153200,1621139
1537156800,1584306
1537160400,1586258
1537164000,1649752
1537167600,1903217
1537171200,1906697
1537174800,1885580
1537178400,1919179
1537182000,1852871
1537185600,1939959
1537189200,1996498
1537192800,2064163
1537196400,1998772
1537200000,1964453
1537203600,1997444
1537207200,2062948
1537210800,2019842
1537214400,1956946
1537218000,1807659
1537221600,1619451
1537225200,1632057
1537228800,1680658
1537232400,1665363
1537236000,1591652
1537239600,1555998
1537243200,1523741
1537246800,1497510
1537250400,1671104
1537254000,1691057
1537257600,1718577
1537261200,1772137
1537264800,1810698
1537268400,1738779
1537272000,1826222
1537275600,1883034
1537279200,1966258
1537282800,1970470
1537286400,2037243
1537290000,2038922
1537293600,1983309
1537297200,2077732
1537300800,2019735
1537304400,1814505
1537308000,1610250
1537311600,1711031
1537315200,1667935
1537318800,1790155
1537322400,1928711
1537326000,1877523
1537329600,1881193
1537333200,1779503
1537336800,1881984
1537340400,2033724
1537344000,1984728
1537347600,2054578
1537351200,2105222
1537354800,1968755
1537358400,2096945
1537362000,1984759
1537365600,1887030
1537369200,1826151
1537372800,1933173
1537376400,1947751
1537380000,2218086
1537383600,2148008
1537387200,2118650
1537390800,1917386
1537394400,1673861
1537398000,1683361
1537401600,1565454
1537405200,1594612
1537408800,1591537
1537412400,1525054
1537416000,1490668
1537419600,1486537
1537423200,1589023
1537426800,1720164
1537430400,1821981
1537434000,1833709
1537437600,1862118
1537441200,1889913
1537444800,2114308
1537448400,2170540
1537452000,2173590
1537455600,1894611
1537459200,1913147
1537462800,1899342
1537466400,2062972
1537470000,1907797
1537473600,1836512
1537477200,1677261
1537480800,1588662
1537484400,1562540
1537488000,1491194
1537491600,1483644
1537495200,1484022
1537498800,1592934
1537502400,1673383
1537506000,1729976
1537509600,1800349
1537513200,1888696
1537516800,1884648
1537520400,2034706
1537524000,1834948
1537527600,1703402
1537531200,1960587
1537534800,1964400
1537538400,2040385
1537542000,1963047
1537545600,1875642
1537549200,1821335
1537552800,1858131
1537556400,1861955
1537560000,1843473
1537563600,1705802
1537567200,1522556
1537570800,1558950
1537574400,1393613
1537578000,1475912
1537581600,1566256
1537585200,1484577
1537588800,1473047
1537592400,1520190
1537596000,1632561
1537599600,1670021
1537603200,1642978
1537606800,1698841
1537610400,1803981
1537614000,1706659
1537617600,1729149
1537621200,1925897
1537624800,1932098
1537628400,1936917
1537632000,1854189
1537635600,1854582
1537639200,1881134
1537642800,1847484
1537646400,1827402
1537650000,1772238
1537653600,1623297
1537657200,1667918
1537660800,1602791
1537664400,1563705
1537668000,1796242
1537671600,1672023
1537675200,1749904
1537678800,1650421
1537682400,1689298
1537686000,1751782
1537689600,1886634
1537693200,1973026
1537696800,1975463
1537700400,1879935
1537704000,1833222
1537707600,1990238
1537711200,2002359
1537714800,1941577
1537718400,1896635
1537722000,1885403
1537725600,2136636
1537729200,2141616
1537732800,2124248
1537736400,2002476
1537740000,1686633
1537743600,1555850
1537747200,1547985
1537750800,1629435
1537754400,1754631
1537758000,1619964
1537761600,1710964
1537765200,1705239
1537768800,1751739
1537772400,1882404
1537776000,1854374
1537779600,1808014
1537783200,2038046
1537786800,1775987
1537790400,1893008
1537794000,1901109
1537797600,2051304
1537801200,2020157
1537804800,2000150
1537808400,1934030
1537812000,2032675
1537815600,2004877
1537819200,2050427
1537822800,1815684
1537826400,1690472
1537830000,1701562
1537833600,1672895
1537837200,1527914
1537840800,1333317
1537844400,1408715
1537848000,1660305
1537851600,1629420
1537855200,1792194
1537858800,1759925
1537862400,1726298
1537866000,1804144
1537869600,1848163
1537873200,1781661
1537876800,1890928
1537880400,1944959
1537884000,2041575
1537887600,1981974
1537891200,1944865
1537894800,1914539
1537898400,1909798
1537902000,1918504
1537905600,1811751
1537909200,1735275
1537912800,1775315
1537916400,1727608
1537920000,1657392
1537923600,1745428
1537927200,1722393
1537930800,1701900
1537934400,1683822
1537938000,1709786
1537941600,1819446
1537945200,1920668
1537948800,1911221
1537952400,1746802
1537956000,1828423
1537959600,1775194
1537963200,1895077
1537966800,2048788
1537970400,2231301
1537974000,2082854
1537977600,1982713
1537981200,2010668
1537984800,1984933
1537988400,1984389
1537992000,1935517
1537995600,1713046
1537999200,1656778
1538002800,1580099
1538006400,1557242
1538010000,1557639
1538013600,1571414
1538017200,1546804
1538020800,1483520
1538024400,1576184
1538028000,1637123
1538031600,1735072
1538035200,1855325
1538038800,1882249
1538042400,1883303
1538046000,1777121
1538049600,1821753
1538053200,1883618
1538056800,2021025
1538060400,2167573
1538064000,2066271
1538067600,1912930
1538071200,2064452
1538074800,2028620
1538078400,2154047
1538082000,1790151
1538085600,1699334
1538089200,1756055
1538092800,1655878
1538096400,1567166
1538100000,1664130
1538103600,1591251
1538107200,1538963
1538110800,1570431
1538114400,1677858
1538118000,1680409
1538121600,1710535
1538125200,1700544
1538128800,1743250
1538132400,1738922
1538136000,1820728
1538139600,1860672
1538143200,1990507
1538146800,1923884
1538150400,1921587
1538154000,1913418
1538157600,2187535
1538161200,2342275
1538164800,2164449
1538168400,1760515
1538172000,1604819
1538175600,1640508
1538179200,1643350
1538182800,1677153
1538186400,1737966
1538190000,1660859
1538193600,1602839
1538197200,1704399
1538200800,1696011
1538204400,1801749
1538208000,1933843
1538211600,1884744
1538215200,1918107
1538218800,1766161
1538222400,1817659
1538226000,1857208
1538229600,1898059
1538233200,1894548
1538236800,1819659
1538240400,1837619
1538244000,1808074
1538247600,1837302
1538251200,1866910
1538254800,1777455
1538258400,1664570
1538262000,1631191
1538265600,1562392
1538269200,1565801
1538272800,1520154
1538276400,1413459
1538280000,1449323
1538283600,1652833
1538287200,1711259
1538290800,1804833
1538294400,1951492
1538298000,1955442
1538301600,1987249
1538305200,1866968
1538308800,1847673
1538312400,1993040
1538316000,2097846
1538319600,2040149
1538323200,2011402
1538326800,2078105
1538330400,2083809
1538334000,2079476
1538337600,1909683
1538341200,1744700
1538344800,1578684
1538348400,1548905
1538352000,1616747
1538355600,1560765
1538359200,1632009
1538362800,1468876
1538366400,1494752
1538370000,1421033
1538373600,1475012
1538377200,1595842
1538380800,1690225
1538384400,1769790
1538388000,1777457
1538391600,1752147
1538395200,1754131
1538398800,1829559
1538402400,1950621
1538406000,1948583
1538409600,1939899
1538413200,1937646
1538416800,1927457
1538420400,1925731
1538424000,1833357
1538427600,1694438
1538431200,1476709
1538434800,1497385
1538438400,1408612
1538442000,1482687
1538445600,1521868
1538449200,1499281
1538452800,1494974
1538456400,1495235
1538460000,1481207
1538463600,1549296
1538467200,1700019
1538470800,1633725
1538474400,1660153
1538478000,1602429
1538481600,1674275
1538485200,1791097
1538488800,1849898
1538492400,1917131
1538496000,1900711
1538499600,1912976
1538503200,2042870
1538506800,1955574
1538510400,1976784
1538514000,1799026
1538517600,1570172
1538521200,1530167
1538524800,1742264
1538528400,1632936
1538532000,1578508
1538535600,1513217
1538539200,1494825
1538542800,1559135
1538546400,1644928
1538550000,1825549
1538553600,1876836
1538557200,1904716
1538560800,1962463
1538564400,1917211
1538568000,1893859
1538571600,1996517
1538575200,2058757
1538578800,2037508
1538582400,2000448
1538586000,1921377
1538589600,1933671
1538593200,1967995
1538596800,2251603
1538600400,1965215
1538604000,1670235
1538607600,1578136
1538611200,1489643
1538614800,1440650
1538618400,1392415
1538622000,1378360
1538625600,1326613
1538629200,1372571
1538632800,1528869
1538636400,1596854
1538640000,1625931
1538643600,1715245
1538647200,1715985
1538650800,1663311
1538654400,1794814
1538658000,1832545
1538661600,1968202
1538665200,1858280
1538668800,1805649
1538672400,1817666
1538676000,1892925
1538679600,1895931
1538683200,1901129
1538686800,1757148
1538690400,1604095
1538694000,1560283
1538697600,1444577
1538701200,1715126
1538704800,1670913
1538708400,1633636
1538712000,1672657
1538715600,1648064
1538719200,1770847
1538722800,1872407
1538726400,1958859
1538730000,1877928
1538733600,1808271
1538737200,1800424
1538740800,1809818
1538744400,1950647
1538748000,2036870
1538751600,1933781
1538755200,1925338
1538758800,1894281
1538762400,1889878
1538766000,1925721
1538769600,1931450
1538773200,1808281
1538776800,1737270
1538780400,1649476
1538784000,1623390
1538787600,1503698
1538791200,1561868
1538794800,1590923
1538798400,1530617
1538802000,1680806
1538805600,1732838
1538809200,1801178
1538812800,1858906
1538816400,1885962
1538820000,1909688
1538823600,1721358
1538827200,1694654
1538830800,1818221
1538834400,1772832
1538838000,1950354
1538841600,1913816
1538845200,1920393
1538848800,1898508
1538852400,1989691
1538856000,1903766
1538859600,1805733
1538863200,1571794
1538866800,1694575
1538870400,1674226
1538874000,1566754
1538877600,1542869
1538881200,1550977
1538884800,1616391
1538888400,1663292
1538892000,1693992
1538895600,1777686
1538899200,1817714
1538902800,1885104
1538906400,1862653
1538910000,1732022
1538913600,1726655
1538917200,1841564
1538920800,1812481
1538924400,1924965
1538928000,1927483
1538931600,1919948
1538935200,1949858
1538938800,1989029
1538942400,1966207
1538946000,1800536
1538949600,1737019
1538953200,1733115
1538956800,1619715
1538960400,1592954
1538964000,1599720
1538967600,1556871
1538971200,1619185
1538974800,1702802
1538978400,1941112
1538982000,1899402
1538985600,1968543
1538989200,1989495
1538992800,2040995
1538996400,1888165
1539000000,1859573
1539003600,1970477
1539007200,1985528
1539010800,1959172
1539014400,1965452
1539018000,1925296
1539021600,1976971
1539025200,2226211
1539028800,2063592
1539032400,1862760
1539036000,1639258
1539039600,1645755
1539043200,1621910
1539046800,1407269
1539050400,1389063
1539054000,1399091
1539057600,1398653
1539061200,1364698
1539064800,1721251
1539068400,1757820
1539072000,1701192
1539075600,1732188
1539079200,1744961
1539082800,1709352
1539086400,1798518
1539090000,1967119
1539093600,1957248
1539097200,1906540
1539100800,1843404
1539104400,1922792
1539108000,1953676
1539111600,2056967
1539115200,1929317
1539118800,1698154
1539122400,1443882
1539126000,1553464
1539129600,1599972
1539133200,1589458
1539136800,1484464
1539140400,1550341
1539144000,1577798
1539147600,1632009
1539151200,1677774
1539154800,1924980
1539158400,1930209
1539162000,1856112
1539165600,1873095
1539169200,1745096
1539172800,1748488
1539176400,1913272
1539180000,2715090
1539183600,2665500
1539187200,2458795
1539190800,2292773
1539194400,2280185
1539198000,2194708
1539201600,2140483
1539205200,2103073
1539208800,1716077
1539212400,1791852
1539216000,1668552
1539219600,1615609
1539223200,1576058
1539226800,1574271
1539230400,1608233
1539234000,1629982
1539237600,1776883
1539241200,1790936
1539244800,1791842
1539248400,1957547
1539252000,1960705
1539255600,1807610
1539259200,1834419
1539262800,1920086
1539266400,1947613
1539270000,1884661
1539273600,1889047
1539277200,1838772
1539280800,1964476
1539284400,1894806
1539288000,1828006
1539291600,1816788
1539295200,1628771
1539298800,1659548
1539302400,1689397
1539306000,1677766
1539309600,1610298
1539313200,1600933
1539316800,1524642
1539320400,1561100
1539324000,1647504
1539327600,1843767
1539331200,1858920
1539334800,1791277
1539338400,1837293
1539342000,1695675
1539345600,1665371
1539349200,1759988
1539352800,1779829
1539356400,1806608
1539360000,1790483
1539363600,1775801
1539367200,1834406
1539370800,1982162
1539374400,1867001
1539378000,1682058
1539381600,1655949
1539385200,1751421
1539388800,1665772
1539392400,1686803
1539396000,1817940
1539399600,1725394
1539403200,1673225
1539406800,1677487
1539410400,1685017
1539414000,1749781
1539417600,1801654
1539421200,1782130
1539424800,1743639
1539428400,1661453
1539432000,1750990
1539435600,1869789
1539439200,1767297
1539442800,1739868
1539446400,1783744
1539450000,1811096
1539453600,1845168
1539457200,1989654
1539460800,1930135
1539464400,1788735
1539468000,1719817
1539471600,1666795
1539475200,1702232
1539478800,1615418
1539482400,1514505
1539486000,1474277
1539489600,1479578
1539493200,1544952
1539496800,1630731
1539500400,1811489
1539504000,1872828
1539507600,1883087
1539511200,1959166
1539514800,1784949
1539518400,1902858
1539522000,1822812
1539525600,1797508
1539529200,1801053
1539532800,1817250
1539536400,1866995
1539540000,2024591
1539543600,1991119
1539547200,1886124
1539550800,1718859
1539554400,1484134
1539558000,1529602
1539561600,1589353
1539565200,1600711
1539568800,1490050
1539572400,1454671
1539576000,1451050
1539579600,1492355
1539583200,1634690
1539586800,1699777
1539590400,1818098
1539594000,1933284
1539597600,1873752
1539601200,1869458
1539604800,1788042
1539608400,1998828
1539612000,1987580
1539615600,1896760
1539619200,1944405
1539622800,2057889
1539626400,2100978
1539630000,2021830
1539633600,1986603
1539637200,1855061
1539640800,1666381
1539644400,1708783
1539648000,1707866
1539651600,1643987
1539655200,1649817
1539658800,1603164
1539662400,1709628
1539666000,1711144
1539669600,1713467
1539673200,1813553
1539676800,1767491
1539680400,1834485
1539684000,1789089
1539687600,1853604
1539691200,2047738
1539694800,2081951
1539698400,2121018
1539702000,2151975
1539705600,2271122
1539709200,2166673
1539712800,2221392
1539716400,2229637
1539720000,2161326
1539723600,1867291
1539727200,1669016
1539730800,1652637
1539734400,1780858
1539738000,1765809
1539741600,1774069
1539745200,1770076
1539748800,1698366
1539752400,1756288
1539756000,1812777
1539759600,1921570
1539763200,1933348
1539766800,1845295
1539770400,1864137
1539774000,1851619
1539777600,1878853
1539781200,1945994
1539784800,2041114
1539788400,2065835
1539792000,2113379
1539795600,2063644
1539799200,2047180
1539802800,1995500
1539806400,1953928
1539810000,1731676
1539813600,1567970
1539817200,1622417
1539820800,1545609
1539824400,1528735
1539828000,1503404
1539831600,1502578
1539835200,1562042
1539838800,1583944
1539842400,1869402
1539846000,1881637
1539849600,1897868
1539853200,1882348
1539856800,1916986
1539860400,1812927
1539864000,1880645
1539867600,1911510
1539871200,1908822
1539874800,1911161
1539878400,1807523
1539882000,1871299
1539885600,1962817
1539889200,1915880
1539892800,1940322
1539896400,1709632
1539900000,1481419
1539903600,1582374
1539907200,1463837
1539910800,1443579
1539914400,1497626
1539918000,1474183
1539921600,1515635
1539925200,1550405
1539928800,1617711
1539932400,1672842
1539936000,1938985
1539939600,1734094
1539943200,1863807
1539946800,1675239
1539950400,1686314
1539954000,1760573
1539957600,1971111
1539961200,1802876
1539964800,1730369
1539968400,1665768
1539972000,1688841
1539975600,1664296
1539979200,1782815
1539982800,1684120
1539986400,1708309
1539990000,1627916
1539993600,1481935
1539997200,1365788
1540000800,1466321
1540004400,1431704
1540008000,1409869
1540011600,1440742
1540015200,1533713
1540018800,1697096
1540022400,1712416
1540026000,1811050
1540029600,1708891
1540033200,1749489
1540036800,1762511
1540040400,1732419
1540044000,1663543
1540047600,1701963
1540051200,1726809
1540054800,1697270
1540058400,1730659
1540062000,1679713
1540065600,1687084
1540069200,1491629
1540072800,1301000
1540076400,1243689
1540080000,1245337
1540083600,1208492
1540087200,1184799
1540090800,1274793
1540094400,1348465
1540098000,1331584
1540101600,1439455
1540105200,1503986
1540108800,1588325
1540112400,1570626
1540116000,1614324
1540119600,1641661
1540123200,1705997
1540126800,1795403
1540130400,1827001
1540134000,1748645
1540137600,1824172
1540141200,1860046
1540144800,1893494
1540148400,1884436
1540152000,1776617
1540155600,1598386
1540159200,1468085
1540162800,1517765
1540166400,1417167
1540170000,1447252
1540173600,1487227
1540177200,1405056
1540180800,1400985
1540184400,1366364
1540188000,1549147
1540191600,1656702
1540195200,1678237
1540198800,1666962
1540202400,1742596
1540206000,1750228
1540209600,1848698
1540213200,1957406
1540216800,1932909
1540220400,1921034
1540224000,1983060
1540227600,1968640
1540231200,2085135
1540234800,2293336
1540238400,2113651
1540242000,1841646
1540245600,1735506
1540249200,1683808
1540252800,1745838
1540256400,1841981
1540260000,1836771
1540263600,1711665
1540267200,1713437
1540270800,1881780
1540274400,1985591
1540278000,2180234
1540281600,2223880
1540285200,2169835
1540288800,2214681
1540292400,1949060
1540296000,2122429
1540299600,2150251
1540303200,2151895
1540306800,2186355
1540310400,2094336
1540314000,1995742
1540317600,1982308
1540321200,1910522
1540324800,1986750
1540328400,1928986
1540332000,1739256
1540335600,1809164
1540339200,1701562
1540342800,1656168
1540346400,1535941
1540350000,1474542
1540353600,1563119
1540357200,1616967
1540360800,1642906
1540364400,1684356
1540368000,1709732
1540371600,1773149
1540375200,1884761
1540378800,2013373
1540382400,2066500
1540386000,2017287
1540389600,2057716
1540393200,2046277
1540396800,1999771
1540400400,2119832
1540404000,2084187
1540407600,2120193
1540411200,2043874
1540414800,1837000
1540418400,1685025
1540422000,1545438
1540425600,1549366
1540429200,1536531
1540432800,1444528
1540436400,1466826
1540440000,1647869
1540443600,1899941
1540447200,1970742
1540450800,1802276
1540454400,1813983
1540458000,1809380
1540461600,1945243
1540465200,1924389
1540468800,1971875
1540472400,1930950
1540476000,1790237
1540479600,1788093
1540483200,1772192
1540486800,1781464
1540490400,1816363
1540494000,1844788
1540497600,2088872
1540501200,1903438
1540504800,1742497
1540508400,1697237
1540512000,1619117
1540515600,1563990
1540519200,1512602
1540522800,1468171
1540526400,1472793
1540530000,1525573
1540533600,1623395
1540537200,1648926
1540540800,1737868
1540544400,1788749
1540548000,1754382
1540551600,1718487
1540555200,1783380
1540558800,1933745
1540562400,1974145
1540566000,1983040
1540569600,1914896
1540573200,1786204
1540576800,1822210
1540580400,1773181
1540584000,1772410
1540587600,1681707
1540591200,1519819
1540594800,1665281
1540598400,1497335
1540602000,1475126
1540605600,1512516
1540609200,1422778
1540612800,1426567
1540616400,1486604
1540620000,1520974
1540623600,1657269
1540627200,1719125
1540630800,1735588
1540634400,1753281
1540638000,1696902
1540641600,1762207
1540645200,1740279
1540648800,1775908
1540652400,1726245
1540656000,1681293
1540659600,1764582
1540663200,1790046
1540666800,1861602
1540670400,1903574
1540674000,1802477
1540677600,1570290
1540681200,1498632
1540684800,1398318
1540688400,1359831
1540692000,1345849
1540695600,1379589
1540699200,1371828
1540702800,1332122
1540706400,1423196
1540710000,1493738
1540713600,1583103
1540717200,1627839
1540720800,1676378
1540724400,1607956
1540728000,1610412
1540731600,1696184
1540735200,1699355
1540738800,1792789
1540742400,1847193
1540746000,1788925
1540749600,1778603
1540753200,1767171
1540756800,1749744
1540760400,1653994
1540764000,1484934
1540767600,1459201
1540771200,1405261
1540774800,1355791
1540778400,1377379
1540782000,1410704
1540785600,1336904
1540789200,1397202
1540792800,1417122
1540796400,1503026
1540800000,1562764
1540803600,1655262
1540807200,1697379
1540810800,1602700
1540814400,1710958
1540818000,1716241
1540821600,1809188
1540825200,1810889
1540828800,1880855
1540832400,1977951
1540836000,1943110
1540839600,1949837
1540843200,1988158
1540846800,1870861
1540850400,1697061
1540854000,2017503
1540857600,1701557
1540861200,1597479
1540864800,1512682
1540868400,1480538
1540872000,1506551
1540875600,1423367
1540879200,1449237
1540882800,1493245
1540886400,1568990
1540890000,1741247
1540893600,1834748
1540897200,1698704
1540900800,1737325
1540904400,1801715
1540908000,1891487
1540911600,1842628
1540915200,1851425
1540918800,1868321
1540922400,1888631
1540926000,1855877
1540929600,1901764
1540933200,1866690
1540936800,1671195
1540940400,1700174
1540944000,1698888
1540947600,1804521
1540951200,1750663
1540954800,1777555
1540958400,1767477
1540962000,1713434
1540965600,1724054
1540969200,1782812
1540972800,1802168
1540976400,1856692
1540980000,1943378
1540983600,1820246
1540987200,1847094
1540990800,2011976
1540994400,2015777
1540998000,1918613
1541001600,1876496
1541005200,1815966
1541008800,1794857
1541012400,1830833
1541016000,1781829
1541019600,1758887
1541023200,1722383
1541026800,1688026
1541030400,1703001
1541034000,1671366
1541037600,1621443
1541041200,1528240
1541044800,1495994
1541048400,1436356
1541052000,1552632
1541055600,1619398
1541059200,1547221
1541062800,1714396
1541066400,1655990
1541070000,1588842
1541073600,1674864
1541077200,1793103
1541080800,1921745
1541084400,2063049
1541088000,1983740
1541091600,1919758
1541095200,1992028
1541098800,1979087
1541102400,2000300
1541106000,1813490
1541109600,1675981
1541113200,1724844
1541116800,1641821
1541120400,1660171
1541124000,1763507
1541127600,1777987
1541131200,1671924
1541134800,1624222
1541138400,1636911
1541142000,1673672
1541145600,1782909
1541149200,1839954
1541152800,1871885
1541156400,1780686
1541160000,1760910
1541163600,1861218
1541167200,1989050
1541170800,1942502
1541174400,1908065
1541178000,1864567
1541181600,1813636
1541185200,1852487
1541188800,1863408
1541192400,1808717
1541196000,1729017
1541199600,1649679
1541203200,1673352
1541206800,1658409
1541210400,1589689
1541214000,1802424
1541217600,1642469
1541221200,1574761
1541224800,1555580
1541228400,1572315
1541232000,1715930
1541235600,1806741
1541239200,1976026
1541242800,1831877
1541246400,1836189
1541250000,1871691
1541253600,1955247
1541257200,1965576
1541260800,1935980
1541264400,1940873
1541268000,1955437
1541271600,1979881
1541275200,1995068
1541278800,1980245
1541282400,1852191
1541286000,1808101
1541289600,1709800
1541293200,1633263
1541296800,1640166
1541300400,1631744
1541304000,1655877
1541307600,1615733
1541311200,1637662
1541314800,1755965
1541318400,1829742
1541322000,1879436
1541325600,1966050
1541329200,1982411
1541332800,1877366
1541336400,1963603
1541340000,1968127
1541343600,1988471
1541347200,1982595
1541350800,1918219
1541354400,1933805
1541358000,1960373
1541361600,2128871
1541365200,2003450
1541368800,1820808
1541372400,1714122
1541376000,1849118
1541379600,1703663
1541383200,1786373
1541386800,1802118
1541390400,1699311
1541394000,1682851
1541397600,1800505
1541401200,1745868
1541404800,1860696
1541408400,2041556
1541412000,2089204
1541415600,1934859
1541419200,1886371
1541422800,2018645
1541426400,2214451
1541430000,2082408
1541433600,2068105
1541437200,2015795
1541440800,2045663
1541444400,2132996
1541448000,2105499
1541451600,2063849
1541455200,1959985
1541458800,1799735
1541462400,1755649
1541466000,1681217
1541469600,1650205
1541473200,1448789
1541476800,1520201
1541480400,1634129
1541484000,1753712
1541487600,1846768
1541491200,1902363
1541494800,1833031
1541498400,1973341
1541502000,2029144
1541505600,2058102
1541509200,2106101
1541512800,2167502
1541516400,2227585
1541520000,2150592
1541523600,2150245
1541527200,2151766
1541530800,2255172
1541534400,2155473
1541538000,2187548
1541541600,2109544
1541545200,1927809
1541548800,1843393
1541552400,1740231
1541556000,1711331
1541559600,1787353
1541563200,1699018
1541566800,1757316
1541570400,1778522
1541574000,1821846
1541577600,1926417
1541581200,2024552
1541584800,1961800
1541588400,1946302
1541592000,1914054
1541595600,2076554
1541599200,2095164
1541602800,2132016
1541606400,2077934
1541610000,2047745
1541613600,2134146
1541617200,2284687
1541620800,2265628
1541624400,2046254
1541628000,1879888
1541631600,1717424
1541635200,1906235
1541638800,1792058
1541642400,1716654
1541646000,1624950
1541649600,1602225
1541653200,1746344
1541656800,1755207
1541660400,1856077
1541664000,1939812
1541667600,2038068
1541671200,1982338
1541674800,1953530
1541678400,1962066
1541682000,2073723
1541685600,2027775
1541689200,1971201
1541692800,1978185
1541696400,2025307
1541700000,2003251
1541703600,1948042
1541707200,1997970
1541710800,1929765
1541714400,1833747
1541718000,1593294
1541721600,1717962
1541725200,1633727
1541728800,1691827
1541732400,1654398
1541736000,1551039
1541739600,1593160
1541743200,1704969
1541746800,1804784
1541750400,1800961
1541754000,1846697
1541757600,1902384
1541761200,1961727
1541764800,1804744
1541768400,1855942
1541772000,2020726
1541775600,1995680
1541779200,2102126
1541782800,2154903
1541786400,2028559
1541790000,2066512
1541793600,2035320
1541797200,2020198
1541800800,1853474
1541804400,1701764
1541808000,1788208
1541811600,1688472
1541815200,1669173
1541818800,1856849
1541822400,1840551
1541826000,1914134
1541829600,1888650
1541833200,1870010
1541836800,1872811
1541840400,2008827
1541844000,1989502
1541847600,1979596
1541851200,1881944
1541854800,2047968
1541858400,2080940
1541862000,2069774
1541865600,2126677
1541869200,2069619
1541872800,2073793
1541876400,1962452
1541880000,2002466
1541883600,1921215
1541887200,1835527
1541890800,1768999
1541894400,1784485
1541898000,1830082
1541901600,1781541
1541905200,1800339
1541908800,1822816
1541912400,1798123
1541916000,1925793
1541919600,2046186
1541923200,1890964
1541926800,1970812
1541930400,2106367
1541934000,2257341
1541937600,2059814
1541941200,2004488
1541944800,1969877
1541948400,1937309
1541952000,2001266
1541955600,1971730
1541959200,1943753
1541962800,2026941
1541966400,2083690
1541970000,1950914
1541973600,1813520
1541977200,1657385
1541980800,1672852
1541984400,1688205
1541988000,1671900
1541991600,1624204
1541995200,1674722
1541998800,1664834
1542002400,1778935
1542006000,1776160
1542009600,1914459
1542013200,1919855
1542016800,1905131
1542020400,2074088
1542024000,2058452
1542027600,2125796
1542031200,2167625
1542034800,2262949
1542038400,2362459
1542042000,2088673
1542045600,2011130
1542049200,2072881
1542052800,2077554
1542056400,1984554
1542060000,1835677
1542063600,1786718
1542067200,1818698
1542070800,1769003
1542074400,1809296
1542078000,1786116
1542081600,1769647
1542085200,1680767
1542088800,1715852
1542092400,1720471
1542096000,1837558
1542099600,1935984
1542103200,2000762
1542106800,2004654
1542110400,1945571
1542114000,1997114
1542117600,2068562
1542121200,2034304
1542124800,2041673
1542128400,2100807
1542132000,2087773
1542135600,2223307
1542139200,2220446
1542142800,2116026
1542146400,1978450
1542150000,1966699
1542153600,1973889
1542157200,1984790
1542160800,1836692
1542164400,1809969
1542168000,1731064
1542171600,1787960
1542175200,1869207
1542178800,1939954
1542182400,1943752
1542186000,1950980
1542189600,2007586
1542193200,2068885
1542196800,2072029
1542200400,2083848
1542204000,2114421
1542207600,2189240
1542211200,2132416
1542214800,2074867
1542218400,2139335
1542222000,2074879
1542225600,2153889
1542229200,2007456
1542232800,1868371
1542236400,1756487
1542240000,1796107
1542243600,1776579
1542247200,1738078
1542250800,1741957
1542254400,1757246
1542258000,1732080
1542261600,1771951
1542265200,1752317
1542268800,1868581
1542272400,1903676
1542276000,2001839
1542279600,1945380
1542283200,1934289
1542286800,2071376
1542290400,2046892
1542294000,2033233
1542297600,2086838
1542301200,2087602
1542304800,2161155
1542308400,2004984
1542312000,1987074
1542315600,1885841
1542319200,1786362
1542322800,1723863
1542326400,1649040
1542330000,1607300
1542333600,1724411
1542337200,1736930
1542340800,1692574
1542344400,1607170
1542348000,1608863
1542351600,1707724
1542355200,1763021
1542358800,1828112
1542362400,1853765
1542366000,1886926
1542369600,1838724
1542373200,1803595
1542376800,1893517
1542380400,1906425
1542384000,1945725
1542387600,1899449
1542391200,1862501
1542394800,1812368
1542398400,1848596
1542402000,1796155
1542405600,1685259
1542409200,1531601
1542412800,1413766
1542416400,1379358
1542420000,1428699
1542423600,1484899
1542427200,1495815
1542430800,1543358
1542434400,1690413
1542438000,1742315
1542441600,1851432
1542445200,1888517
1542448800,2002902
1542452400,2054331
1542456000,1872449
1542459600,1817640
1542463200,1912029
1542466800,1909518
1542470400,1837150
1542474000,1847153
1542477600,1920176
1542481200,2033005
1542484800,1958675
1542488400,1796801
1542492000,1756288
1542495600,1651790
1542499200,1680097
1542502800,1790855
1542506400,1707291
1542510000,1730990
1542513600,1715480
1542517200,1530114
1542520800,1658852
1542524400,1693781
1542528000,1884952
1542531600,1865486
1542535200,1833538
1542538800,1887744
1542542400,1793985
1542546000,1888047
1542549600,1952352
1542553200,1909387
1542556800,1813282
1542560400,1805041
1542564000,1855438
1542567600,1817028
1542571200,1933797
1542574800,1802104
1542578400,1647258
1542582000,1544426
1542585600,1643314
1542589200,1544034
1542592800,1505923
1542596400,1428839
1542600000,1523500
1542603600,1473976
1542607200,1508845
1542610800,1706152
1542614400,1650159
1542618000,1917981
1542621600,1944787
1542625200,1940890
1542628800,1999796
1542632400,1998544
1542636000,1885821
1542639600,2025778
1542643200,1943619
1542646800,1911609
1542650400,1918555
1542654000,2015970
1542657600,1980616
1542661200,1986470
1542664800,1782193
1542668400,1691791
1542672000,1530724
1542675600,1568609
1542679200,1640565
1542682800,1592305
1542686400,1539112
1542690000,1671141
1542693600,1662382
1542697200,1750142
1542700800,2056661
1542704400,1878361
1542708000,1755744
1542711600,1853822
1542715200,1803405
1542718800,1960578
1542722400,1989418
1542726000,1936289
1542729600,1920313
1542733200,2012518
1542736800,1979281
1542740400,2119910
1542744000,1997442
1542747600,1921137
1542751200,1819993
1542754800,1605518
1542758400,1625341
1542762000,1638934
1542765600,1449170
1542769200,1371152
1542772800,1367471
1542776400,1468851
1542780000,1458039
1542783600,1621134
1542787200,1645497
1542790800,1704030
1542794400,1738591
1542798000,1766114
1542801600,1839477
1542805200,1879025
1542808800,1830573
1542812400,1801838
1542816000,1835314
1542819600,1811618
1542823200,1867144
1542826800,1795127
1542830400,1818612
1542834000,1770132
1542837600,1600997
1542841200,1476587
1542844800,1450191
1542848400,1506777
1542852000,1380942
1542855600,1367150
1542859200,1452702
1542862800,1413819
1542866400,1451235
1542870000,1608825
1542873600,1693265
1542877200,1620700
1542880800,1681192
1542884400,1657916
1542888000,1759078
1542891600,1756070
1542895200,1761412
1542898800,1791901
1542902400,1821827
1542906000,1854419
1542909600,1919384
1542913200,1823445
1542916800,1810546
1542920400,1798624
1542924000,1725782
1542927600,1550897
1542931200,1541208
1542934800,1483693
1542938400,1568814
1542942000,1438910
1542945600,1441114
1542949200,1550625
1542952800,1529925
1542956400,1600402
1542960000,1610207
1542963600,1680867
1542967200,1716236
1542970800,1787893
1542974400,1710958
1542978000,1725177
1542981600,1693881
1542985200,1761410
1542988800,1859437
1542992400,1822528
1542996000,1755288
1542999600,1743509
1543003200,1760226
1543006800,1702278
1543010400,1605169
1543014000,1472699
1543017600,1501195
1543021200,1465408
1543024800,1449408
1543028400,1460528
1543032000,1435161
1543035600,1524313
1543039200,1516486
1543042800,1552285
1543046400,1575664
1543050000,1673077
1543053600,1729266
1543057200,1765612
1543060800,1734314
1543064400,1775029
1543068000,1831118
1543071600,1815148
1543075200,1759782
1543078800,1866374
1543082400,1802812
1543086000,1806650
1543089600,1844552
1543093200,1849767
1543096800,1685512
1543100400,1583602
1543104000,1527251
1543107600,1433255
1543111200,1425812
1543114800,1360284
1543118400,1344402
1543122000,1376902
1543125600,1403344
1543129200,1491679
1543132800,1572705
1543136400,1702678
1543140000,1847724
1543143600,1810371
1543147200,1759748
1543150800,1855185
1543154400,1903771
1543158000,1937615
1543161600,1898523
1543165200,1970357
1543168800,1993622
1543172400,1999618
1543176000,1972189
1543179600,1915248
1543183200,1807850
1543186800,1555957
1543190400,1630976
1543194000,1600152
1543197600,1562424
1543201200,1573601
1543204800,1542527
1543208400,1539001
1543212000,1466777
1543215600,1571289
1543219200,1654094
1543222800,1724959
1543226400,1865077
1543230000,1846210
1543233600,1945020
1543237200,2024772
1543240800,2044237
1543244400,2025464
1543248000,1990278
1543251600,1992337
1543255200,1984256
1543258800,1931984
1543262400,1976504
1543266000,1854085
1543269600,1831595
1543273200,1615329
1543276800,1588424
1543280400,1587468
1543284000,1499104
1543287600,1572891
1543291200,1437485
1543294800,1533420
1543298400,1570207
1543302000,1589078
1543305600,1637104
1543309200,1659604
1543312800,1706918
1543316400,1789736
1543320000,1722049
1543323600,1843247
1543327200,1904086
1543330800,1954657
1543334400,1949114
1543338000,2017893
1543341600,2002279
1543345200,2052399
1543348800,1916532
1543352400,1881177
1543356000,1701659
1543359600,1604415
1543363200,1629380
1543366800,1553924
1543370400,1530498
1543374000,1465402
1543377600,1407189
1543381200,1635523
1543384800,1669379
1543388400,1784415
1543392000,1803521
1543395600,1936384
1543399200,1973181
1543402800,2064940
1543406400,1959179
1543410000,2009670
1543413600,2181128
1543417200,2121810
1543420800,2179136
1543424400,2113763
1543428000,2132420
1543431600,2063870
1543435200,1986932
1543438800,1925794
1543442400,1853491
1543446000,1754709
1543449600,1715899
1543453200,1719257
1543456800,1729457
1543460400,1684354
1543464000,1624022
1543467600,1805392
1543471200,1739583
1543474800,1823822
1543478400,1984689
1543482000,2033286
1543485600,2083832
1543489200,2127945
1543492800,2041956
1543496400,2074554
1543500000,2094101
1543503600,1987241
1543507200,1945615
1543510800,1976432
1543514400,1922099
1543518000,1889848
1543521600,1982133
1543525200,1885424
1543528800,1800748
1543532400,1603528
1543536000,1553834
1543539600,1596135
1543543200,1627524
1543546800,1540394
1543550400,1520253
1543554000,1539904
1543557600,1601476
1543561200,1682706
1543564800,1818112
1543568400,1660717
1543572000,1748929
1543575600,1750417
1543579200,1854406
1543582800,1841085
1543586400,1868879
1543590000,1957337
1543593600,1956237
1543597200,1979258
1543600800,1975190
1543604400,2033030
1543608000,2046331
1543611600,1880067
1543615200,1796494
1543618800,1591800
1564617600,1138658
1564621200,1099415
1564624800,1114422
1564628400,1069834
1564632000,1147926
1564635600,1163927
1564639200,1213473
1564642800,1255764
1564646400,1324154
1564650000,1381166
1564653600,1419124
1564657200,1438931
1564660800,1456305
1564664400,1473659
1564668000,1480631
1564671600,1455970
1564675200,1450288
1564678800,1443374
1564682400,1495515
1564686000,1635311
1564689600,1620497
1564693200,1492859
1564696800,1330171
1564700400,1259962
1564704000,1308200
1564707600,1250232
1564711200,1246153
1564714800,1235909
1564718400,1180659
1564722000,1194822
1564725600,1283632
1564729200,1349070
1564732800,1342566
1564736400,1448472
1564740000,1439584
1564743600,1467222
1564747200,1483751
1564750800,1550727
1564754400,1566602
1564758000,1527945
1564761600,1503403
1564765200,1463321
1564768800,1455880
1564772400,1481734
1564776000,1521159
1564779600,1346107
1564783200,1217489
1564786800,1075196
1564790400,1097413
1564794000,1070961
1564797600,1136901
1564801200,1132970
1564804800,1154642
1564808400,1229390
1564812000,1321133
1564815600,1379477
1564819200,1392912
1564822800,1385416
1564826400,1478015
1564830000,1564478
1564833600,1638126
1564837200,1676198
1564840800,1662638
1564844400,1702408
1564848000,1672164
1564851600,1681983
1564855200,1714085
1564858800,1798481
1564862400,1689419
1564866000,1614378
1564869600,1443324
1564873200,1398542
1564876800,1355755
1564880400,1280879
1564884000,1248571
1564887600,1263152
1564891200,1282520
1564894800,1296567
1564898400,1322417
1564902000,1441019
1564905600,1513068
1564909200,1544189
1564912800,1620329
1564916400,1644073
1564920000,1681995
1564923600,1838712
1564927200,1855081
1564930800,1783729
1564934400,1751212
1564938000,1740419
1564941600,1804334
1564945200,1813620
1564948800,1937522
1564952400,1768502
1564956000,1544286
1564959600,1424647
1564963200,1358484
1564966800,1357889
1564970400,1372807
1564974000,1292784
1564977600,1300214
1564981200,1335337
1564984800,1377555
1564988400,1463273
1564992000,1463719
1564995600,1519866
1564999200,1601622
1565002800,1642127
1565006400,1716517
1565010000,1664269
1565013600,1736032
1565017200,1685550
1565020800,1707438
1565024400,1671492
1565028000,1718220
1565031600,1723880
1565035200,1766676
1565038800,1669184
1565042400,1495553
1565046000,1389397
1565049600,1392957
1565053200,1339377
1565056800,1302232
1565060400,1274538
1565064000,1265038
1565067600,1321153
1565071200,1402738
1565074800,1335707
1565078400,1476089
1565082000,1472479
1565085600,1520975
1565089200,1628745
1565092800,1703064
1565096400,1706133
1565100000,1890691
1565103600,1794667
1565107200,1808847
1565110800,1788558
1565114400,1866910
1565118000,1885150
1565121600,1804846
1565125200,1744551
1565128800,1482246
1565132400,1376711
1565136000,1338401
1565139600,1378133
1565143200,1398013
1565146800,1350388
1565150400,1263141
1565154000,1319695
1565157600,1355338
1565161200,1494515
1565164800,1558737
1565168400,1578149
1565172000,1617124
1565175600,1602711
1565179200,1667111
1565182800,1717042
1565186400,1713124
1565190000,1680595
1565193600,1652916
1565197200,1674573
1565200800,1714855
1565204400,1814217
1565208000,1721235
1565211600,1571396
1565215200,1452856
1565218800,1315074
1565222400,1206011
1565226000,1195243
1565229600,1189511
1565233200,1151417
1565236800,1150223
1565240400,1168982
1565244000,1305074
1565247600,1401749
1565251200,1430396
1565254800,1538280
1565258400,1523994
1565262000,1582970
1565265600,1635070
1565269200,1657021
1565272800,1634832
1565276400,1590666
1565280000,1590122
1565283600,1588492
1565287200,1629130
1565290800,1704704
1565294400,1653501
1565298000,1554110
1565301600,1341176
1565305200,1262867
1565308800,1290859
1565312400,1261615
1565316000,1290917
1565319600,1327464
1565323200,1263585
1565326800,1360440
1565330400,1387400
1565334000,1472585
1565337600,1479357
1565341200,1540599
1565344800,1522890
1565348400,1573089
1565352000,1665703
1565355600,1718865
1565359200,1687267
1565362800,1623691
1565366400,1564649
1565370000,1566200
1565373600,1587562
1565377200,1613489
1565380800,1646543
1565384400,1526370
1565388000,1391020
1565391600,1299796
1565395200,1249658
1565398800,1245883
1565402400,1232105
1565406000,1185854
1565409600,1183944
1565413200,1270896
1565416800,1322262
1565420400,1454420
1565424000,1444324
1565427600,1398748
1565431200,1433670
1565434800,1466062
1565438400,1454242
1565442000,1506206
1565445600,1545283
1565449200,1463346
1565452800,1472060
1565456400,1448224
1565460000,1445250
1565463600,1463778
1565467200,1449468
1565470800,1455290
1565474400,1315858
1565478000,1137426
1565481600,1076516
1565485200,1020530
1565488800,988594
1565492400,1013472
1565496000,1066626
1565499600,1184509
1565503200,1242150
1565506800,1347823
1565510400,1331099
1565514000,1380308
1565517600,1458887
1565521200,1448132
1565524800,1516934
1565528400,1560126
1565532000,1585431
1565535600,1544856
1565539200,1586721
1565542800,1693915
1565546400,1666684
1565550000,1617174
1565553600,1553864
1565557200,1401059
1565560800,1289333
1565564400,1156644
1565568000,1101169
1565571600,1116417
1565575200,1173323
1565578800,1135920
1565582400,1138396
1565586000,1164783
1565589600,1200193
1565593200,1299984
1565596800,1342900
1565600400,1407704
1565604000,1413036
1565607600,1416232
1565611200,1516448
1565614800,1580050
1565618400,1535353
1565622000,1468740
1565625600,1466548
1565629200,1448048
1565632800,1490353
1565636400,1563295
1565640000,1557834
1565643600,1416026
1565647200,1194056
1565650800,1153167
1565654400,1087678
1565658000,1141687
1565661600,1123761
1565665200,1095918
1565668800,1142655
1565672400,1214487
1565676000,1303195
1565679600,1294314
1565683200,1408382
1565686800,1452940
1565690400,1391609
1565694000,1470141
1565697600,1585514
1565701200,1599544
1565704800,1552889
1565708400,1571742
1565712000,1511486
1565715600,1534858
1565719200,1597813
1565722800,1607871
1565726400,1595369
1565730000,1430767
1565733600,1276837
1565737200,1163238
1565740800,1189045
1565744400,1210231
1565748000,1168156
1565751600,1160345
1565755200,1153855
1565758800,1142427
1565762400,1264325
1565766000,1270903
1565769600,1329364
1565773200,1329545
1565776800,1354639
1565780400,1346333
1565784000,1435145
1565787600,1506368
1565791200,1512710
1565794800,1460449
1565798400,1474451
1565802000,1498617
1565805600,1492496
1565809200,1559871
1565812800,1515197
1565816400,1372469
1565820000,1207391
1565823600,1079887
1565827200,1062259
1565830800,1107432
1565834400,1075137
1565838000,1059716
1565841600,1024531
1565845200,1053449
1565848800,1150955
1565852400,1272358
1565856000,1277284
1565859600,1340131
1565863200,1371696
1565866800,1378772
1565870400,1508078
1565874000,1536364
1565877600,1528767
1565881200,1515902
1565884800,1483787
1565888400,1492014
1565892000,1459703
1565895600,1542920
1565899200,1536060
1565902800,1395244
1565906400,1195951
1565910000,1130240
1565913600,1068077
1565917200,1041249
1565920800,1084061
1565924400,1035974
1565928000,1056894
1565931600,1053785
1565935200,1118016
1565938800,1177380
1565942400,1205204
1565946000,1247924
1565949600,1308896
1565953200,1340962
1565956800,1386857
1565960400,1401540
1565964000,1414906
1565967600,1436026
1565971200,1483202
1565974800,1481853
1565978400,1475540
1565982000,1523666
1565985600,1516659
1565989200,1470520
1565992800,1298046
1565996400,1179297
1566000000,1136600
1566003600,1068474
1566007200,1156411
1566010800,1187922
1566014400,1178156
1566018000,1217493
1566021600,1298180
1566025200,1394709
1566028800,1461427
1566032400,1464778
1566036000,1510324
1566039600,1486395
1566043200,1569083
1566046800,1621497
1566050400,1629541
1566054000,1582253
1566057600,1613206
1566061200,1675953
1566064800,1694759
1566068400,1705208
1566072000,1660704
1566075600,1513909
1566079200,1343780
1566082800,1264674
1566086400,1238739
1566090000,1203955
1566093600,1133089
1566097200,1115772
1566100800,1166920
1566104400,1201420
1566108000,1257306
1566111600,1323333
1566115200,1409286
1566118800,1425268
1566122400,1436330
1566126000,1454909
1566129600,1487886
1566133200,1554259
1566136800,1563821
1566140400,1578482
1566144000,1531715
1566147600,1549825
1566151200,1524324
1566154800,1621739
1566158400,1616849
1566162000,1520700
1566165600,1338812
1566169200,1238880
1566172800,1276087
1566176400,1280938
1566180000,1211536
1566183600,1203258
1566187200,1246910
1566190800,1253915
1566194400,1274743
1566198000,1342706
1566201600,1442629
1566205200,1463788
1566208800,1565280
1566212400,1559132
1566216000,1560881
1566219600,1632763
1566223200,1604957
1566226800,1566802
1566230400,1513221
1566234000,1500295
1566237600,1548522
1566241200,1577582
1566244800,1581441
1566248400,1462064
1566252000,1319202
1566255600,1244033
1566259200,1275147
1566262800,1256592
1566266400,1223551
1566270000,1183194
1566273600,1172046
1566277200,1201554
1566280800,1273128
1566284400,1246699
1566288000,1337741
1566291600,1350575
1566295200,1401940
1566298800,1425190
1566302400,1533018
1566306000,1587026
1566309600,1694841
1566313200,1684190
1566316800,1681792
1566320400,1637927
1566324000,1690014
1566327600,1732392
1566331200,1745892
1566334800,1540341
1566338400,1408174
1566342000,1288817
1566345600,1242152
1566349200,1246451
1566352800,1230442
1566356400,1219672
1566360000,1170821
1566363600,1210791
1566367200,1303734
1566370800,1404849
1566374400,1413987
1566378000,1442892
1566381600,1467389
1566385200,1462351
1566388800,1510897
1566392400,1547935
1566396000,1626024
1566399600,1603939
1566403200,1560068
1566406800,1640517
1566410400,1689696
1566414000,1797690
1566417600,1786637
1566421200,1684147
1566424800,1565935
1566428400,1595453
1566432000,1640080
1566435600,1519799
1566439200,1442087
1566442800,1323553
1566446400,1268266
1566450000,1361063
1566453600,1435168
1566457200,1503674
1566460800,1485776
1566464400,1486422
1566468000,1566686
1566471600,1592281
1566475200,1649108
1566478800,1712446
1566482400,1743959
1566486000,1689537
1566489600,1653948
1566493200,1688760
1566496800,1756895
1566500400,1796449
1566504000,1761873
1566507600,1687461
1566511200,1432321
1566514800,1346541
1566518400,1336508
1566522000,1333071
1566525600,1293410
1566529200,1286366
1566532800,1274505
1566536400,1347733
1566540000,1358342
1566543600,1475082
1566547200,1464201
1566550800,1516622
1566554400,1711627
1566558000,1630172
1566561600,1661105
1566565200,1690048
1566568800,1673800
1566572400,1668397
1566576000,1677327
1566579600,1665302
1566583200,1672490
1566586800,1690948
1566590400,1674148
1566594000,1574169
1566597600,1378940
1566601200,1298267
1566604800,1299155
1566608400,1269426
1566612000,1299356
1566615600,1245684
1566619200,1250634
1566622800,1268589
1566626400,1376984
1566630000,1418173
1566633600,1543704
1566637200,1483999
1566640800,1485103
1566644400,1524575
1566648000,1572969
1566651600,1607162
1566655200,1636269
1566658800,1567736
1566662400,1534776
1566666000,1507752
1566669600,1532587
1566673200,1617945
1566676800,1612819
1566680400,1519060
1566684000,1306458
1566687600,1187283
1566691200,1178521
1566694800,1191387
1566698400,1108689
1566702000,1101165
1566705600,1101029
1566709200,1208578
1566712800,1264215
1566716400,1334351
1566720000,1398142
1566723600,1420172
1566727200,1533244
1566730800,1537179
1566734400,1546670
1566738000,1583873
1566741600,1588776
1566745200,1583382
1566748800,1561780
1566752400,1543666
1566756000,1566583
1566759600,1605554
1566763200,1587689
1566766800,1382807
1566770400,1271304
1566774000,1122140
1566777600,1159462
1566781200,1204259
1566784800,1287519
1566788400,1313872
1566792000,1230833
1566795600,1279967
1566799200,1363238
1566802800,1476694
1566806400,1425572
1566810000,1515548
1566813600,1575595
1566817200,1513545
1566820800,1590792
1566824400,1644530
1566828000,1603718
1566831600,1550506
1566835200,1559309
1566838800,1522742
1566842400,1604311
1566846000,1623007
1566849600,1591865
1566853200,1445709
1566856800,1300525
1566860400,1206549
1566864000,1267263
1566867600,1323402
1566871200,1243018
1566874800,1267865
1566878400,1314637
1566882000,1340167
1566885600,1441239
1566889200,1549027
1566892800,1533137
1566896400,1579822
1566900000,1495504
1566903600,1537549
1566907200,1608881
1566910800,1654466
1566914400,1613145
1566918000,1598881
1566921600,1575198
1566925200,1542166
1566928800,1625883
1566932400,1667461
1566936000,1676559
1566939600,1633939
1566943200,1332032
1566946800,1167290
1566950400,1184497
1566954000,1179025
1566957600,1172166
1566961200,1174212
1566964800,1154429
1566968400,1216832
1566972000,1307750
1566975600,1392533
1566979200,1471470
1566982800,1543057
1566986400,1540233
1566990000,1521653
1566993600,1610891
1566997200,1582385
1567000800,1572797
1567004400,1570303
1567008000,1537906
1567011600,1498979
1567015200,1495939
1567018800,1571647
1567022400,1578244
1567026000,1423188
1567029600,1242725
1567033200,1086116
1567036800,1095645
1567040400,1110657
1567044000,1107003
1567047600,1095684
1567051200,1116981
1567054800,1202042
1567058400,1328996
1567062000,1353143
1567065600,1397671
1567069200,1411193
1567072800,1491030
1567076400,1519047
1567080000,1550684
1567083600,1614155
1567087200,1699473
1567090800,1608879
1567094400,1625805
1567098000,1618135
1567101600,1605192
1567105200,1672424
1567108800,1651730
1567112400,1536138
1567116000,1402566
1567119600,1296303
1567123200,1238867
1567126800,1247694
1567130400,1208768
1567134000,1201895
1567137600,1190867
1567141200,1187466
1567144800,1276673
1567148400,1303934
1567152000,1234433
1567155600,1248086
1567159200,1292367
1567162800,1390888
1567166400,1408694
1567170000,1428635
1567173600,1460482
1567177200,1420119
1567180800,1448510
1567184400,1401545
1567188000,1412627
1567191600,1515746
1567195200,1479223
1567198800,1371201
1567202400,1219466
1567206000,1172927
1567209600,1174575
1567213200,1173523
1567216800,1179965
1567220400,1202779
1567224000,1216399
1567227600,1243327
1567231200,1310383
1567234800,1385277
1567238400,1421395
1567242000,1429870
1567245600,1458745
1567249200,1414369
1567252800,1456410
1567256400,1457923
1567260000,1490016
1567263600,1556456
1567267200,1520948
1567270800,1525982
1567274400,1508005
1567278000,1582685
1567281600,1574851
1567285200,1491960
1567288800,1359190
1567292400,1295546
1567296000,1382736
1567299600,1294166
1567303200,1300615
1567306800,1281211
1567310400,1307350
1567314000,1252049
1567317600,1335090
1567321200,1396163
1567324800,1407292
1567328400,1431690
1567332000,1435925
1567335600,1486106
1567339200,1528327
1567342800,1534675
1567346400,1617313
1567350000,1590278
1567353600,1511196
1567357200,1538059
1567360800,1546252
1567364400,1555594
1567368000,1520548
1567371600,1474053
1567375200,1267227
1567378800,1179360
1567382400,1160243
1567386000,1173281
1567389600,1127684
1567393200,1123792
1567396800,1153440
1567400400,1287036
1567404000,1376296
1567407600,1443101
1567411200,1411374
1567414800,1430348
1567418400,1417954
1567422000,1520481
1567425600,1578875
1567429200,1604468
1567432800,1612363
1567436400,1648709
1567440000,1678006
1567443600,1624233
1567447200,1645311
1567450800,1721255
1567454400,1684104
1567458000,1556424
1567461600,1467386
1567465200,1376755
1567468800,1379078
1567472400,1386454
1567476000,1377859
1567479600,1308225
1567483200,1299323
1567486800,1327127
1567490400,1440351
1567494000,1511901
1567497600,1507954
1567501200,1452861
1567504800,1472817
1567508400,1515342
1567512000,1601813
1567515600,1606870
1567519200,1525095
1567522800,1572565
1567526400,1646388
1567530000,1684006
1567533600,1688367
1567537200,1731212
1567540800,1674608
1567544400,1541219
1567548000,1388072
1567551600,1321048
1567555200,1360353
1567558800,1254855
1567562400,1306203
1567566000,1249715
1567569600,1250537
1567573200,1309911
1567576800,1403573
1567580400,1423535
1567584000,1461875
1567587600,1484104
1567591200,1519036
1567594800,1612422
1567598400,1677982
1567602000,1738388
1567605600,1715128
1567609200,1679409
1567612800,1627546
1567616400,1625143
1567620000,1684897
1567623600,1761454
1567627200,1690638
1567630800,1562521
1567634400,1349445
1567638000,1261044
1567641600,1221699
1567645200,1170595
1567648800,1131294
1567652400,1136837
1567656000,1128365
1567659600,1188253
1567663200,1271183
1567666800,1370729
1567670400,1364585
1567674000,1387300
1567677600,1433515
1567681200,1482996
1567684800,1517814
1567688400,1543325
1567692000,1545266
1567695600,1563026
1567699200,1554533
1567702800,1520113
1567706400,1533270
1567710000,1575255
1567713600,1577614
1567717200,1431150
1567720800,1275002
1567724400,1206731
1567728000,1222646
1567731600,1180323
1567735200,1163220
1567738800,1168923
1567742400,1167781
1567746000,1196959
1567749600,1323739
1567753200,1383253
1567756800,1440932
1567760400,1422481
1567764000,1431262
1567767600,1445121
1567771200,1482248
1567774800,1576104
1567778400,1636494
1567782000,1616734
1567785600,1591610
1567789200,1401229
1567792800,880649
1567796400,1210353
1567800000,724749
1567803600,1010847
1567807200,927891
1567810800,1034769
1567814400,956657
1567818000,771421
1567821600,853735
1567825200,1195555
1567828800,1225399
1567832400,1237797
1567836000,1278849
1567839600,1383395
1567843200,1468816
1567846800,1416130
1567850400,1414318
1567854000,1442224
1567857600,1542476
1567861200,1580383
1567864800,1610847
1567868400,1650172
1567872000,1657884
1567875600,1635036
1567879200,1625790
1567882800,1640080
1567886400,1625056
1567890000,1505581
1567893600,1327873
1567897200,1187144
1567900800,1117937
1567904400,1054606
1567908000,1057755
1567911600,1014274
1567915200,1069399
1567918800,1117444
1567922400,1190692
1567926000,1278788
1567929600,1325004
1567933200,1360253
1567936800,1379192
1567940400,1385414
1567944000,1423380
1567947600,1449212
1567951200,1516194
1567954800,1541774
1567958400,1536141
1567962000,1482222
1567965600,1515090
1567969200,1553487
1567972800,1520113
1567976400,1397067
1567980000,1103964
1567983600,909283
1567987200,1072732
1567990800,1087745
1567994400,1018119
1567998000,1008427
1568001600,982561
1568005200,1077947
1568008800,1216868
1568012400,1311073
1568016000,1272239
1568019600,1274109
1568023200,1320185
1568026800,1375588
1568030400,1412252
1568034000,1494701
1568037600,1474517
1568041200,1497104
1568044800,1516949
1568048400,1549311
1568052000,1612388
1568055600,1604684
1568059200,1522038
1568062800,1321122
1568066400,1220960
1568070000,1118420
1568073600,1098232
1568077200,1091848
1568080800,1094197
1568084400,1058645
1568088000,1097862
1568091600,1131033
1568095200,1136181
1568098800,1264857
1568102400,1350728
1568106000,1468743
1568109600,1432829
1568113200,1447684
1568116800,1480957
1568120400,1502040
1568124000,1589339
1568127600,1564429
1568131200,1489346
1568134800,1486581
1568138400,1542786
1568142000,1590244
1568145600,1583965
1568149200,1371806
1568152800,1228638
1568156400,1145305
1568160000,1144103
1568163600,1175572
1568167200,1133333
1568170800,1075351
1568174400,1085868
1568178000,1169862
1568181600,1230199
1568185200,1344685
1568188800,1365621
1568192400,1494274
1568196000,1435279
1568199600,1379569
1568203200,1464560
1568206800,1552845
1568210400,1561703
1568214000,1562025
1568217600,1567826
1568221200,1512838
1568224800,1497724
1568228400,1553654
1568232000,1552053
1568235600,1418590
1568239200,1433322
1568242800,1325081
1568246400,1233870
1568250000,1151051
1568253600,1156505
1568257200,1190898
1568260800,1194892
1568264400,1281635
1568268000,1391960
1568271600,1387397
1568275200,1371983
1568278800,1392007
1568282400,1427590
1568286000,1471233
1568289600,1552922
1568293200,1585081
1568296800,1608398
1568300400,1594320
1568304000,1628817
1568307600,1579146
1568311200,1574269
1568314800,1607724
1568318400,1580068
1568322000,1417363
1568325600,1238960
1568329200,1223596
1568332800,1308118
1568336400,1148443
1568340000,1245509
1568343600,1161887
1568347200,1162562
1568350800,1215250
1568354400,1330666
1568358000,1463410
1568361600,1386701
1568365200,1400793
1568368800,1352226
1568372400,1401502
1568376000,1371833
1568379600,1405801
1568383200,1465852
1568386800,1451277
1568390400,1519465
1568394000,1507269
1568397600,1471246
1568401200,1473873
1568404800,1440900
1568408400,1317730
1568412000,1138618
1568415600,995730
1568419200,1054848
1568422800,1040460
1568426400,1082467
1568430000,1144673
1568433600,1107989
1568437200,1188724
1568440800,1269270
1568444400,1383881
1568448000,1378338
1568451600,1400594
1568455200,1436273
1568458800,1486660
1568462400,1493307
1568466000,1506593
1568469600,1525552
1568473200,1511042
1568476800,1504100
1568480400,1486647
1568484000,1541779
1568487600,1598862
1568491200,1595193
1568494800,1491066
1568498400,1330926
1568502000,1203039
1568505600,1214700
1568509200,1233798
1568512800,1242742
1568516400,1198817
1568520000,1216717
1568523600,1377854
1568527200,1384830
1568530800,1581989
1568534400,1638298
1568538000,1614108
1568541600,1690444
1568545200,1729183
1568548800,1754104
1568552400,1806145
1568556000,1873508
1568559600,1861741
1568563200,1780624
1568566800,1777528
1568570400,1843783
1568574000,1810404
1568577600,1736362
1568581200,1664303
1568584800,1501175
1568588400,1378372
1568592000,1427125
1568595600,1437531
1568599200,1397677
1568602800,1371709
1568606400,1406817
1568610000,1404693
1568613600,1474245
1568617200,1599989
1568620800,1595988
1568624400,1702761
1568628000,1686326
1568631600,1755015
1568635200,1770337
1568638800,1807426
1568642400,1825591
1568646000,1825818
1568649600,1776853
1568653200,1872680
1568656800,1953513
1568660400,1996411
1568664000,1918025
1568667600,1774336
1568671200,1588145
1568674800,1458752
1568678400,1588898
1568682000,1564075
1568685600,1530365
1568689200,1536466
1568692800,1543379
1568696400,1514887
1568700000,1571140
1568703600,1613442
1568707200,1640749
1568710800,1631781
1568714400,1622241
1568718000,1681369
1568721600,1657218
1568725200,1691222
1568728800,1685780
1568732400,1653997
1568736000,1677510
1568739600,1698410
1568743200,1706542
1568746800,1813257
1568750400,1810715
1568754000,1662598
1568757600,1562120
1568761200,1425291
1568764800,1437236
1568768400,1402534
1568772000,1397112
1568775600,1329272
1568779200,1332105
1568782800,1400764
1568786400,1471350
1568790000,1516947
1568793600,1585876
1568797200,1643344
1568800800,1599698
1568804400,1637168
1568808000,1705670
1568811600,1697237
1568815200,1732872
1568818800,1725316
1568822400,1684145
1568826000,1671845
1568829600,1664228
1568833200,1800563
1568836800,1806228
1568840400,1635398
1568844000,1474710
1568847600,1366977
1568851200,1374174
1568854800,1335243
1568858400,1417505
1568862000,1353226
1568865600,1330690
1568869200,1378033
1568872800,1534700
1568876400,1664792
1568880000,1696889
1568883600,1700479
1568887200,1654071
1568890800,1626805
1568894400,1661675
1568898000,1734586
1568901600,1748272
1568905200,1710046
1568908800,1667163
1568912400,1615341
1568916000,1610000
1568919600,1660977
1568923200,1775477
1568926800,1569591
1568930400,1477380
1568934000,1395109
1568937600,1448209
1568941200,1472868
1568944800,1431470
1568948400,1402948
1568952000,1395976
1568955600,1451920
1568959200,1558248
1568962800,1595750
1568966400,1599375
1568970000,1607663
1568973600,1612324
1568977200,1668966
1568980800,1643713
1568984400,1667719
1568988000,1624112
1568991600,1572761
1568995200,1552375
1568998800,1538162
1569002400,1609665
1569006000,1593088
1569009600,1710223
1569013200,1663397
1569016800,1467287
1569020400,1291019
1569024000,1347447
1569027600,1358498
1569031200,1366473
1569034800,1463809
1569038400,1415090
1569042000,1413470
1569045600,1487724
1569049200,1497851
1569052800,1590396
1569056400,1511246
1569060000,1558854
1569063600,1598714
1569067200,1709415
1569070800,1551364
1569074400,1609050
1569078000,1621740
1569081600,1613071
1569085200,1621119
1569088800,1614790
1569092400,1757846
1569096000,1550044
1569099600,1344083
1569103200,1191642
1569106800,1184623
1569110400,1066729
1569114000,1084263
1569117600,1087043
1569121200,1102690
1569124800,1131196
1569128400,1139475
1569132000,1238217
1569135600,1338748
1569139200,1382490
1569142800,1406894
1569146400,1480623
1569150000,1493103
1569153600,1562702
1569157200,1573567
1569160800,1618523
1569164400,1638071
1569168000,1606227
1569171600,1644586
1569175200,1649609
1569178800,1815175
1569182400,1847256
1569186000,1747650
1569189600,1715818
1569193200,1707852
1569196800,1816515
1569200400,1956162
1569204000,1956641
1569207600,1682887
1569211200,1502305
1569214800,1560654
1569218400,1721283
1569222000,1878655
1569225600,2034143
1569229200,2163223
1569232800,2155386
1569236400,1777184
1569240000,1743303
1569243600,1673330
1569247200,1745526
1569250800,1865026
1569254400,1926041
1569258000,1941045
1569261600,1886950
1569265200,1819291
1569268800,1878612
1569272400,1815527
1569276000,1725031
1569279600,1778763
1569283200,1910753
1569286800,1917245
1569290400,1691137
1569294000,1458874
1569297600,1458490
1569301200,1598524
1569304800,1828991
1569308400,1977954
1569312000,2135848
1569315600,2098976
1569319200,1887085
1569322800,1654221
1569326400,1658125
1569330000,1740521
1569333600,1950004
1569337200,2033229
1569340800,2011077
1569344400,1895861
1569348000,1715189
1569351600,1867790
1569355200,1614879
1569358800,1459600
1569362400,1355839
1569366000,1292922
1569369600,1322536
1569373200,1311045
1569376800,1320603
1569380400,1319560
1569384000,1401174
1569387600,1412042
1569391200,1472563
1569394800,1595660
1569398400,1649088
1569402000,1799951
1569405600,1777294
1569409200,1598697
1569412800,1590068
1569416400,1637505
1569420000,1674993
1569423600,1635934
1569427200,1578615
1569430800,1519405
1569434400,1565551
1569438000,1645419
1569441600,1604141
1569445200,1463503
1569448800,1269126
1569452400,1195081
1569456000,1339047
1569459600,1390858
1569463200,1370460
1569466800,1293822
1569470400,1344187
1569474000,1469202
1569477600,1487703
1569481200,1624329
1569484800,1626216
1569488400,1735015
1569492000,1727778
1569495600,1611158
1569499200,1515714
1569502800,1599602
1569506400,1640713
1569510000,1525173
1569513600,1555370
1569517200,1545416
1569520800,1535772
1569524400,1586517
1569528000,1665212
1569531600,1543927
1569535200,1383132
1569538800,1251010
1569542400,1280196
1569546000,1267777
1569549600,1277686
1569553200,1284742
1569556800,1261937
1569560400,1428110
1569564000,1469757
1569567600,1498347
1569571200,1498781
1569574800,1543471
1569578400,1672640
1569582000,1548603
1569585600,1623455
1569589200,1616241
1569592800,1588880
1569596400,1582634
1569600000,1483360
1569603600,1526945
1569607200,1509310
1569610800,1654021
1569614400,1869823
1569618000,1735995
1569621600,1569396
1569625200,1190280
1569628800,1108680
1569632400,1044493
1569636000,1460701
1569639600,1637080
1569643200,1678406
1569646800,1796933
1569650400,1924533
1569654000,1958212
1569657600,2028713
1569661200,2104192
1569664800,2094958
1569668400,1837536
1569672000,1608123
1569675600,1625342
1569679200,1665248
1569682800,1648187
1569686400,1592057
1569690000,1597547
1569693600,1639403
1569697200,1851677
1569700800,1992225
1569704400,1921915
1569708000,1805993
1569711600,1654621
1569715200,1602877
1569718800,1547577
1569722400,1474660
1569726000,1601970
1569729600,1631951
1569733200,1671911
1569736800,1767493
1569740400,1879293
1569744000,1984917
1569747600,2132206
1569751200,2162825
1569754800,1820067
1569758400,1655542
1569762000,1704559
1569765600,1735713
1569769200,1766248
1569772800,1646481
1569776400,1626796
1569780000,1640861
1569783600,1675476
1569787200,1604517
1569790800,1538923
1569794400,1347185
1569798000,1138001
1569801600,1196483
1569805200,1167769
1569808800,1133839
1569812400,1093895
1569816000,1104493
1569819600,1178337
1569823200,1233083
1569826800,1319762
1569830400,1361940
1569834000,1362428
1569837600,1521279
1569841200,1494050
1569844800,1572540
1569848400,1636947
1569852000,1684348
1569855600,1945297
1569859200,2156079
1569862800,2140184
1569866400,2207089
1569870000,2274719
1569873600,2229767
1569877200,1973198
1569880800,1960421
1569884400,1868870
1569888000,1847546
1569891600,1739777
1569895200,1672469
1569898800,1730140
1569902400,1807479
1569906000,1968558
1569909600,2034317
1569913200,1800565
1569916800,1558137
1569920400,1490377
1569924000,1535186
1569927600,1632405
1569931200,1759528
1569934800,1770104
1569938400,1856647
1569942000,1855945
1569945600,2014600
1569949200,2022357
1569952800,2053620
1569956400,2037933
1569960000,2004547
1569963600,1835987
1569967200,1581149
1569970800,1226285
1569974400,2035622
1569978000,1605674
1569981600,1253148
1569985200,1718357
1569988800,1381697
1569992400,1374970
1569996000,1850067
1569999600,1331040
1570003200,1331435
1570006800,1364802
1570010400,2786795
1570014000,2905156
1570017600,1775155
1570021200,2277679
1570024800,2867140
1570028400,2190802
1570032000,2105934
1570035600,1992344
1570039200,1845638
1570042800,1733384
1570046400,1940028
1570050000,1373237
1570053600,1875917
1570057200,1204482
1570060800,1177532
1570064400,1230397
1570068000,2502230
1570071600,1607787
1570075200,1608262
1570078800,1406982
1570082400,2030696
1570086000,1867426
1570089600,1917471
1570093200,2081793
1570096800,1951343
1570100400,1905673
1570104000,1648533
1570107600,1946960
1570111200,1818440
1570114800,1996394
1570118400,1937377
1570122000,2203622
1570125600,2079316
1570129200,1892859
1570132800,1944678
1570136400,2023086
1570140000,1498105
1570143600,1370835
1570147200,2402525
1570150800,1748124
1570154400,1666569
1570158000,1570939
1570161600,1702230
1570165200,1646533
1570168800,1759871
1570172400,1615178
1570176000,1451698
1570179600,1521714
1570183200,2179016
1570186800,3018995
1570190400,1655293
1570194000,1635596
1570197600,1656577
1570201200,2882634
1570204800,1922667
1570208400,1854103
1570212000,1686458
1570215600,1796361
1570219200,2274802
1570222800,2042307
1570226400,1825907
1570230000,1805096
1570233600,1939578
1570237200,1822201
1570240800,1901784
1570244400,1900382
1570248000,1962872
1570251600,2118848
1570255200,2120234
1570258800,2235701
1570262400,2250096
1570266000,2277712
1570269600,2302269
1570273200,2142743
1570276800,1743192
1570280400,1702274
1570284000,1894666
1570287600,1886261
1570291200,1757590
1570294800,1674305
1570298400,1692447
1570302000,1783482
1570305600,1818997
1570309200,1730159
1570312800,1604446
1570316400,1496826
1570320000,1499829
1570323600,1482415
1570327200,1537764
1570330800,1508786
1570334400,1502711
1570338000,1571397
1570341600,1648930
1570345200,1816803
1570348800,1993833
1570352400,1958275
1570356000,2074058
1570359600,1932348
1570363200,1736211
1570366800,1757905
1570370400,1867607
1570374000,1783547
1570377600,1835740
1570381200,1712057
1570384800,1653378
1570388400,1735762
1570392000,1684368
1570395600,1718728
1570399200,1674277
1570402800,1420212
1570406400,1302726
1570410000,1397408
1570413600,1372400
1570417200,1385271
1570420800,1309348
1570424400,1409053
1570428000,1514114
1570431600,1645701
1570435200,1579786
1570438800,1636157
1570442400,1663057
1570446000,1718447
1570449600,1806857
1570453200,1782772
1570456800,1894557
1570460400,1850662
1570464000,1736074
1570467600,1745128
1570471200,1770056
1570474800,1687918
1570478400,1676878
1570482000,1505445
1570485600,1310080
1570489200,1096944
1570492800,1167196
1570496400,1231611
1570500000,1342732
1570503600,1391651
1570507200,1292299
1570510800,1267247
1570514400,1350543
1570518000,1426847
1570521600,1489174
1570525200,1587516
1570528800,1563882
1570532400,1720075
1570536000,1684572
1570539600,1643540
1570543200,1659288
1570546800,1615291
1570550400,1748873
1570554000,1680587
1570557600,1702442
1570561200,1880149
1570564800,1726030
1570568400,1615739
1570572000,1322310
1570575600,1149221
1570579200,1299617
1570582800,1242057
1570586400,1238270
1570590000,1235790
1570593600,1238899
1570597200,1314443
1570600800,1463259
1570604400,1503113
1570608000,1565572
1570611600,1619868
1570615200,1544862
1570618800,1512844
1570622400,1550013
1570626000,1640904
1570629600,1590074
1570633200,1647936
1570636800,1603665
1570640400,1554897
1570644000,1512285
1570647600,1621264
1570651200,1604063
1570654800,1310398
1570658400,1195324
1570662000,1148844
1570665600,1617456
1570669200,1255020
1570672800,1571401
1570676400,1329178
1570680000,1334056
1570683600,1428597
1570687200,1474365
1570690800,1347475
1570694400,1743578
1570698000,1690212
1570701600,1639820
1570705200,1606227
1570708800,1666435
1570712400,1605910
1570716000,1637190
1570719600,1590672
1570723200,1629801
1570726800,1650452
1570730400,1662762
1570734000,2063089
1570737600,1947829
1570741200,2146466
1570744800,1981142
1570748400,1859315
1570752000,2550947
1570755600,1950648
1570759200,2200476
1570762800,2338237
1570766400,2168196
1570770000,2046783
1570773600,2028840
1570777200,1967203
1570780800,2461772
1570784400,2276071
1570788000,2280525
1570791600,2403369
1570795200,2114625
1570798800,2047080
1570802400,2498525
1570806000,1968585
1570809600,1624236
1570813200,1548883
1570816800,1536551
1570820400,1713472
1570824000,1744491
1570827600,1783931
1570831200,1392457
1570834800,1825210
1570838400,1468799
1570842000,1517386
1570845600,1573842
1570849200,1460881
1570852800,1520354
1570856400,1666311
1570860000,1667239
1570863600,1601300
1570867200,1692545
1570870800,1860579
1570874400,1664454
1570878000,1663790
1570881600,1621495
1570885200,1598123
1570888800,1600228
1570892400,1858369
1570896000,2087254
1570899600,1808187
1570903200,1816365
1570906800,1772339
1570910400,1954207
1570914000,1775818
1570917600,1611188
1570921200,1546064
1572566400,1237286
1572570000,1155211
1572573600,1150444
1572577200,1876175
1572580800,1512668
1572584400,1275409
1572588000,1135878
1572591600,1648378
1572595200,1819911
1572598800,1958831
1572602400,1963066
1572606000,1717406
1572609600,2011132
1572613200,2134594
1572616800,1772136
1572620400,1712321
1572624000,1870186
1572627600,1882389
1572631200,1710265
1572634800,1711343
1572638400,1729021
1572642000,1703778
1572645600,1606698
1572649200,1418426
1572652800,1359307
1572656400,1369909
1572660000,1253825
1572663600,1349782
1572667200,1339671
1572670800,1335393
1572674400,1326831
1572678000,1357682
1572681600,1427239
1572685200,1489563
1572688800,1972148
1572692400,1844389
1572696000,1838936
1572699600,1875407
1572703200,1843286
1572706800,1752310
1572710400,1720467
1572714000,1702090
1572717600,1672169
1572721200,1644081
1572724800,1744721
1572728400,1585838
1572732000,1462146
1572735600,1484977
1572739200,1632731
1572742800,1386381
1572746400,1284666
1572750000,1160112
1572753600,1075821
1572757200,1181778
1572760800,1404627
1572764400,1396751
1572768000,1562140
1572771600,1616154
1572775200,1628038
1572778800,1839224
1572782400,1910034
1572786000,1832322
1572789600,1838624
1572793200,1835977
1572796800,1834058
1572800400,1803148
1572804000,1735685
1572807600,1751972
1572811200,1761402
1572814800,1712268
1572818400,1553254
1572822000,1388047
1572825600,1245371
1572829200,1218677
1572832800,1180521
1572836400,1324838
1572840000,1343341
1572843600,1374619
1572847200,1460429
1572850800,1561959
1572854400,1725014
1572858000,1756774
1572861600,1817598
1572865200,1851444
1572868800,1989107
1572872400,2004464
1572876000,1969770
1572879600,1961404
1572883200,1912397
1572886800,2061552
1572890400,2094114
1572894000,2024239
1572897600,1941842
1572901200,1797590
1572904800,1616421
1572908400,1440488
1572912000,1341111
1572915600,1386105
1572919200,1309744
1572922800,1185802
1572926400,1181246
1572930000,1281331
1572933600,1345131
1572937200,1439305
1572940800,1673820
1572944400,1639501
1572948000,1687832
1572951600,1666404
1572955200,1701415
1572958800,1817012
1572962400,1880977
1572966000,1821983
1572969600,1816401
1572973200,1752777
1572976800,1786606
1572980400,1866775
1572984000,1843932
1572987600,1760690
1572991200,1646698
1572994800,1474038
1577836800,1668455
1577840400,1701225
1577844000,1597381
1577847600,1471362
1577851200,1343038
1577854800,1453726
1577858400,1481017
1577862000,1517821
1577865600,1651009
1577869200,1680608
1577872800,1790907
1577876400,1837406
1577880000,1758946
1577883600,1778261
1577887200,1832719
1577890800,1861911
1577894400,1880698
1577898000,1892619
1577901600,1858490
1577905200,1934572
1577908800,1909938
1577912400,1922322
1577916000,1813720
1577919600,1759694
1577923200,1775140
1577926800,1662429
1577930400,1731679
1577934000,1535492
1577937600,1565223
1577941200,1503399
1577944800,1563220
1577948400,1629485
1577952000,1688925
1577955600,1742468
1577959200,1780445
1577962800,1742291
1577966400,1750614
1577970000,1853817
1577973600,1853487
1577977200,1931486
1577980800,1763999
1577984400,1769994
1577988000,1741414
1577991600,1786030
1577995200,1894256
1577998800,1865586
1578002400,1759603
1578006000,1658413
1578009600,1717643
1578013200,1658572
1578016800,1654255
1578020400,1597874
1578024000,1550242
1578027600,1526924
1578031200,1583796
1578034800,1639059
1578038400,1822009
1578042000,1904650
1578045600,1891271
1578049200,1981757
1578052800,1907234
1578056400,1971883
1578060000,2041996
1578063600,2000852
1578067200,1919509
1578070800,1919787
1578074400,1910337
1578078000,1918315
1578081600,1941378
1578085200,1901591
1578088800,1811301
1578092400,1668355
1578096000,1662572
1578099600,1660379
1578103200,1628110
1578106800,1491460
1578110400,1335804
1578114000,1274582
1578117600,1321071
1578121200,1479640
1578124800,1562407
1578128400,1591618
1578132000,1661961
1578135600,1690158
1578139200,1737762
1578142800,1847251
1578146400,1870166
1578150000,1888342
1578153600,1998119
1578157200,1912046
1578160800,1968939
1578164400,1924294
1578168000,1955450
1578171600,1935527
1578175200,1864327
1578178800,1664851
1578182400,1775116
1578186000,1909837
1578189600,1849502
1578193200,1634263
1578196800,1774414
1578200400,1751908
1578204000,1789935
1578207600,1738578
1578211200,1985813
1578214800,2294167
1578218400,2203163
1578222000,2416838
1578225600,2019630
1578229200,2098837
1578232800,2140152
1578236400,2107134
1578240000,1996628
1578243600,2004617
1578247200,1987436
1578250800,2030101
1578254400,1951708
1578258000,1973759
1578261600,1919984
1578265200,1819368
1578268800,2094080
1578272400,2109879
1578276000,1909282
1578279600,1898542
1578283200,1996898
1578286800,2042464
1578290400,2100268
1578294000,2303467
1578297600,2153534
1578301200,2039091
1578304800,2130150
1578308400,2081145
1578312000,1953760
1578315600,2047543
1578319200,2065446
1578322800,2114788
1578326400,2070480
1578330000,2081496
1578333600,2134625
1578337200,2071237
1578340800,2137131
1578344400,2003913
1578348000,1840483
1578351600,1671596
1578355200,1792662
1578358800,1690774
1578362400,1525614
1578366000,1543650
1578369600,1607965
1578373200,1622482
1578376800,1684821
1578380400,1837183
1578384000,1971710
1578387600,2001669
1578391200,2125985
1578394800,2037703
1578398400,2006933
1578402000,2084099
1578405600,2109944
1578409200,2035884
1578412800,2021612
1578416400,1929735
1578420000,1909834
1578423600,2041617
1578427200,2076911
1578430800,2065438
1578434400,1966334
1578438000,2008808
1578441600,2123847
1578445200,1928932
1578448800,1842213
1578452400,1549042
1578456000,1628178
1578459600,1609490
1578463200,1811990
1578466800,1838995
1578470400,1995722
1578474000,2122684
1578477600,2030950
1578481200,2329709
1578484800,2125014
1578488400,2079817
1578492000,2104629
1578495600,1543460
1578499200,1997965
1578502800,2166994
1578506400,2127225
1578510000,2128328
1578513600,2198953
1578517200,2087348
1578520800,1777945
1578524400,1897574
1578528000,1889965
1578531600,1847773
1578535200,1725487
1578538800,1507725
1578542400,1914429
1578546000,1727420
1578549600,2139014
1578553200,2037656
1578556800,2174645
1578560400,2053576
1578564000,2329300
1578567600,2207508
1578571200,1944473
1578574800,2172859
1578578400,2075463
1578582000,2223725
1578585600,2134841
1578589200,1957470
1578592800,2102007
1578596400,2046266
1578600000,1938057
1578603600,1872372
1578607200,1727629
1578610800,1864808
1578614400,1601351
1578618000,1481812
1578621600,1425312
1578625200,1368837
1578628800,1419305
1578632400,1630753
1578636000,1721790
1578639600,1861261
1578643200,2108303
1578646800,2124128
1578650400,2118513
1578654000,2072279
1578657600,1831063
1578661200,1868096
1578664800,2044530
1578668400,2026460
1578672000,1959779
1578675600,1925910
1578679200,1761179
1578682800,1898383
1578686400,1948528
1578690000,1899911
1578693600,1906215
1578697200,1677853
1578700800,1808879
1578704400,1737331
1578708000,1739201
1578711600,2033445
1578715200,1834157
1578718800,1700019
1578722400,1853105
1578726000,1884475
1578729600,2104931
1578733200,2229113
1578736800,2216041
1578740400,2303293
1578744000,2011604
1578747600,2075107
1578751200,2079642
1578754800,2097680
1578758400,2080870
1578762000,2088026
1578765600,2101574
1578769200,2220176
1578772800,2191898
1578776400,2127276
1578780000,1961442
1578783600,1860861
1578787200,1988976
1578790800,1888828
1578794400,1978488
1578798000,1784746
1578801600,1759580
1578805200,1969982
1578808800,1989711
1578812400,2064481
1578816000,2267013
1578819600,2431775
1578823200,2465023
1578826800,2501727
1578830400,2196993
1578834000,2267184
1578837600,2268627
1578841200,2284143
1578844800,2291226
1578848400,2136974
1578852000,2131015
1578855600,2230112
1578859200,2159952
1578862800,2083734
1578866400,1906597
1578870000,1708764
1578873600,1877125
1578877200,1945838
1578880800,1914446
1578884400,1798754
1578888000,1847135
1578891600,1804658
1578895200,1930882
1578898800,2151967
1578902400,2140185
1578906000,2104108
1578909600,2185750
1578913200,2105081
1578916800,2026084
1578920400,2050164
1578924000,2084411
1578927600,2018788
1578931200,2062422
1578934800,2122984
1578938400,2096082
1578942000,2076288
1578945600,1984858
1578949200,2004974
1578952800,2012825
1578956400,1785784
1578960000,1956028
1578963600,1835384
1578967200,1940919
1578970800,1755972
1578974400,1815795
1578978000,1757956
1578981600,1916899
1578985200,1959842
1578988800,2185088
1578992400,2265592
1578996000,2251455
1578999600,2331091
1579003200,2261907
1579006800,2307671
1579010400,2378718
1579014000,2237971
1579017600,2243727
1579021200,2038446
1579024800,2137444
1579028400,2143160
1579032000,2208965
1579035600,2211669
1579039200,2171795
1579042800,1943526
1579046400,2026322
1579050000,2132197
1579053600,1959516
1579057200,1758829
1579060800,1709802
1579064400,1718405
1579068000,1698149
1579071600,1722332
1579075200,1873574
1579078800,1831788
1579082400,1850235
1579086000,1911096
1579089600,1967843
1579093200,1911491
1579096800,1993812
1579100400,1993582
1579104000,2005266
1579107600,2017980
1579111200,1955576
1579114800,2074157
1579118400,2141215
1579122000,1960002
1579125600,1926718
1579129200,1850423
1579132800,2073401
1579136400,2031310
1579140000,2013478
1579143600,2041219
1579147200,1745246
1579150800,1575729
1579154400,1555543
1579158000,1711887
1579161600,1808715
1579165200,1849972
1579168800,1790518
1579172400,1902577
1579176000,1875394
1579179600,2139296
1579183200,2161955
1579186800,2076890
1579190400,2098877
1579194000,2126523
1579197600,2045293
1579201200,1986179
1579204800,2024348
1579208400,1926485
1579212000,1756944
1579215600,1557571
1579219200,1670105
1579222800,1611367
1579226400,1557315
1579230000,1546206
1579233600,1591026
1579237200,1744678
1579240800,1968106
1579244400,2084182
1579248000,2170298
1579251600,2195862
1579255200,2157692
1579258800,1997514
1579262400,1834397
1579266000,1919987
1579269600,1996651
1579273200,1987597
1579276800,1938110
1579280400,1972800
1579284000,1993868
1579287600,2058107
1579291200,2080601
1579294800,1991520
1579298400,1806498
1579302000,1701710
1579305600,1698520
1579309200,1641685
1579312800,1660175
1579316400,1499225
1579320000,1409004
1579323600,1471519
1579327200,1485856
1579330800,1562573
1579334400,1669810
1579338000,1683232
1579341600,1803594
1579345200,1779966
1579348800,1826162
1579352400,1906175
1579356000,1956816
1579359600,1963021
1579363200,1988818
1579366800,1997297
1579370400,1982647
1579374000,2042291
1579377600,2084566
1579381200,2074014
1579384800,2037018
1579388400,1802992
1579392000,1829250
1579395600,1806590
1579399200,1784574
1579402800,1756295
1579406400,1832714
1579410000,1789287
1579413600,1794467
1579417200,1845012
1579420800,2030642
1579424400,2219534
1579428000,2214850
1579431600,2286317
1579435200,2075995
1579438800,2135335
1579442400,2184848
1579446000,2177197
1579449600,2182320
1579453200,2151660
1579456800,2092363
1579460400,2053839
1579464000,2066220
1579467600,1983823
1579471200,1845255
1579474800,1650639
1579478400,1719294
1579482000,1724443
1579485600,1632081
1579489200,1629430
1579492800,1638813
1579496400,1653292
1579500000,1764263
1579503600,1894428
1579507200,2026411
1579510800,2038608
1579514400,2032550
1579518000,2038752
1579521600,1836883
1579525200,2117102
1579528800,2047098
1579532400,2110968
1579536000,2180784
1579539600,2164810
1579543200,2182161
1579546800,2105102
1579550400,2134649
1579554000,2009667
1579557600,1814639
1579561200,1627131
1579564800,1786273
1579568400,1614393
1579572000,1703535
1579575600,1552168
1579579200,1482713
1579582800,1599657
1579586400,1598277
1579590000,1687810
1579593600,1990150
1579597200,2296871
1579600800,1834967
1579604400,1810483
1579608000,1790857
1579611600,1948667
1579615200,1898601
1579618800,1931754
1579622400,1820575
1579626000,1836640
1579629600,1808317
1579633200,1827176
1579636800,1835901
1579640400,1743787
1579644000,1599695
1579647600,1450973
