year,month,day,hour,sumCount
2019,9,23,7,1878655
2019,9,19,10,1654071
2019,9,17,16,1677510
2019,9,18,18,1664228
2019,9,19,6,1534700
2019,9,29,3,1601970
2019,9,23,6,1721283
2019,9,19,7,1664792
2019,9,19,12,1661675
2019,9,18,19,1800563
2019,9,19,5,1378033
2019,9,19,11,1626805
2019,9,29,5,1671911
2019,9,29,2,1474660
2019,9,29,4,1631951
2019,9,23,3,1682887
2019,9,18,21,1635398
2019,9,23,2,1956641
2019,9,17,13,1691222
2019,9,29,6,1767493
2019,9,17,12,1657218
2019,9,17,15,1653997
2019,9,18,17,1671845
2019,9,18,14,1732872
2019,9,18,15,1725316
2019,9,19,8,1696889
2019,9,29,1,1547577
2019,9,17,10,1622241
2019,9,29,7,1879293
2019,9,19,9,1700479
2019,9,23,1,1956162
2019,9,18,20,1806228
2019,9,23,4,1502305
2019,9,18,16,1684145
2019,9,17,11,1681369
2019,9,17,17,1698410
2019,9,17,14,1685780
2019,9,23,5,1560654
2019,9,13,11,1401502
2019,9,13,7,1463410
2019,9,20,6,1558248
2019,9,27,10,1672640
2019,9,13,4,1162562
2019,9,13,3,1161887
2019,9,25,10,1777294
2019,9,13,8,1386701
2019,9,25,9,1799951
2019,9,27,9,1543471
2019,9,27,6,1469757
2019,9,13,9,1400793
2019,9,27,5,1428110
2019,9,27,4,1261937
2019,9,20,7,1595750
2019,9,30,18,2207089
2019,9,25,12,1590068
2019,9,27,11,1548603
2019,9,20,8,1599375
2019,9,13,5,1215250
2019,9,25,7,1595660
2019,9,30,14,1684348
2019,9,20,9,1607663
2019,9,20,4,1395976
2019,9,27,7,1498347
2019,9,30,16,2156079
2019,9,20,2,1431470
2019,9,20,3,1402948
2019,9,30,17,2140184
2019,9,25,8,1649088
2019,9,30,19,2274719
2019,9,20,5,1451920
2019,9,13,2,1245509
2019,9,27,8,1498781
2019,9,30,15,1945297
2019,9,25,11,1598697
2019,9,25,13,1637505
2019,9,13,10,1352226
2019,9,13,6,1330666
2019,9,29,12,1655542
2019,9,29,8,1984917
2019,9,15,17,1777528
2019,9,15,12,1754104
2019,9,28,13,1625342
2019,9,29,11,1820067
2019,9,15,18,1843783
2019,9,28,9,2104192
2019,9,27,17,1526945
2019,9,27,14,1588880
2019,9,27,12,1623455
2019,9,26,5,1469202
2019,9,15,14,1873508
2019,9,26,9,1735015
2019,9,27,16,1483360
2019,9,27,13,1616241
2019,9,26,8,1626216
2019,9,29,13,1704559
2019,9,27,19,1654021
2019,9,15,16,1780624
2019,9,29,9,2132206
2019,9,28,11,1837536
2019,9,15,13,1806145
2019,9,28,8,2028713
2019,9,26,7,1624329
2019,9,28,12,1608123
2019,9,27,18,1509310
2019,9,27,15,1582634
2019,9,29,10,2162825
2019,9,28,10,2094958
2019,9,26,6,1487703
2019,9,26,11,1611158
2019,9,26,10,1727778
2019,9,15,15,1861741
2018,9,4,14,1963913
2019,9,16,15,1825818
2018,9,4,13,1977503
2019,9,2,7,1443101
2018,9,27,16,2066271
2019,9,2,2,1127684
2019,9,16,13,1807426
2019,9,16,11,1755015
2019,9,16,14,1825591
2018,9,4,19,1871788
2019,9,2,9,1430348
2019,9,2,3,1123792
2019,9,28,2,1460701
2018,9,27,10,1883303
2019,9,28,7,1958212
2019,9,2,4,1153440
2018,9,4,16,1806027
2019,9,28,3,1637080
2018,9,4,18,1775953
2018,9,4,15,1857914
2018,9,27,9,1882249
2019,9,28,5,1796933
2018,9,27,13,1883618
2018,9,27,15,2167573
2019,9,2,5,1287036
2019,9,16,10,1686326
2018,9,27,11,1777121
2018,9,27,12,1821753
2019,9,28,6,1924533
2019,9,16,9,1702761
2019,9,2,0,1160243
2018,9,4,12,1965963
2018,9,4,17,1805627
2019,9,2,6,1376296
2019,9,16,12,1770337
2019,9,28,4,1678406
2018,9,27,14,2021025
2019,9,2,8,1411374
2019,9,2,1,1173281
2018,9,25,8,1726298
2019,9,26,13,1599602
2018,9,25,3,1408715
2019,9,26,14,1640713
2018,9,25,5,1629420
2018,9,8,12,1903098
2018,9,25,9,1804144
2018,9,24,9,1808014
2018,9,24,8,1854374
2019,9,24,2,1691137
2018,9,24,11,1775987
2018,9,8,7,1751849
2019,9,26,16,1555370
2019,9,24,3,1458874
2019,9,26,18,1535772
2019,9,24,4,1458490
2019,9,26,12,1515714
2018,9,8,5,1601173
2018,9,8,8,1816574
2018,9,25,7,1759925
2018,9,25,4,1660305
2018,9,24,7,1882404
2019,9,24,1,1917245
2018,9,8,11,1737681
2018,9,25,6,1792194
2018,9,8,6,1661971
2018,9,24,13,1901109
2019,9,24,5,1598524
2018,9,25,10,1848163
2018,9,8,10,1755613
2019,9,24,0,1910753
2019,9,26,15,1525173
2018,9,8,9,1788626
2019,9,26,19,1586517
2019,9,26,17,1545416
2018,9,24,10,2038046
2018,9,24,12,1893008
2019,9,11,5,1169862
2018,9,18,4,1523741
2018,9,24,17,1934030
2019,9,11,2,1133333
2018,9,24,18,2032675
2018,9,24,14,2051304
2018,9,18,7,1691057
2019,9,11,8,1365621
2019,9,24,9,2098976
2019,9,22,10,1480623
2019,9,24,10,1887085
2019,9,22,7,1338748
2019,9,22,11,1493103
2019,9,22,5,1139475
2018,9,18,3,1555998
2018,9,24,19,2004877
2019,9,11,1,1175572
2018,9,18,5,1497510
2019,9,24,6,1828991
2018,9,24,16,2000150
2018,9,18,2,1591652
2018,9,18,8,1718577
2019,9,11,0,1144103
2018,9,24,20,2050427
2018,9,18,6,1671104
2019,9,11,3,1075351
2019,9,22,6,1238217
2019,9,24,7,1977954
2019,9,22,3,1102690
2019,9,11,4,1085868
2018,9,24,15,2020157
2019,9,11,7,1344685
2018,9,18,9,1772137
2019,9,22,4,1131196
2019,9,11,6,1230199
2019,9,22,8,1382490
2018,9,18,1,1665363
2019,9,22,9,1406894
2019,9,11,9,1494274
2019,9,24,8,2135848
2018,9,12,13,1847805
2018,9,4,8,1671957
2019,9,12,17,1579146
2018,9,13,19,1821317
2019,9,12,12,1552922
2018,9,13,12,1768344
2018,9,15,8,1766012
2018,9,13,17,1808666
2018,9,4,6,1597526
2018,9,15,9,1790939
2018,9,13,18,1796509
2018,9,4,9,1676045
2018,9,15,5,1658528
2018,9,4,11,1821534
2018,9,15,6,1775616
2018,9,15,3,1553386
2018,9,13,16,1752366
2018,9,12,15,2735536
2018,9,15,2,1604885
2018,9,4,7,1632529
2018,9,4,5,1492202
2018,9,13,15,1791320
2019,9,12,18,1574269
2018,9,13,13,1920677
2018,9,12,11,1670487
2019,9,12,13,1585081
2019,9,12,14,1608398
2018,9,13,14,1829282
2018,9,15,4,1607506
2018,9,12,10,1747837
2018,9,12,12,1813072
2019,9,12,15,1594320
2019,9,12,11,1471233
2019,9,12,16,1628817
2018,9,12,9,1730855
2018,9,15,7,1719449
2018,9,12,14,2121469
2018,9,4,4,1479186
2018,9,4,10,1705552
2019,9,6,14,1636494
2019,9,30,7,1319762
2019,9,6,15,1616734
2019,9,30,5,1178337
2019,9,6,8,1440932
2019,9,24,14,1950004
2018,9,23,13,1990238
2019,9,23,14,1745526
2018,9,23,7,1751782
2019,9,23,16,1926041
2018,9,23,10,1975463
2019,9,6,9,1422481
2019,9,24,13,1740521
2019,9,6,12,1482248
2018,9,23,11,1879935
2019,9,23,15,1865026
2019,9,30,9,1362428
2019,9,23,17,1941045
2018,9,23,9,1973026
2019,9,24,11,1654221
2019,9,24,12,1658125
2018,9,23,8,1886634
2019,9,30,13,1636947
2018,9,23,12,1833222
2019,9,6,13,1576104
2019,9,24,15,2033229
2019,9,23,13,1673330
2019,9,30,10,1521279
2019,9,30,12,1572540
2019,9,23,18,1886950
2019,9,30,6,1233083
2019,9,30,8,1361940
2019,9,30,11,1494050
2019,9,6,11,1445121
2019,9,24,16,2011077
2019,9,6,10,1431262
2019,9,8,9,1360253
2019,9,8,3,1014274
2018,9,28,18,2187535
2019,9,23,12,1743303
2019,9,8,8,1325004
2018,9,28,15,1923884
2019,9,8,2,1057755
2018,9,28,17,1913418
2019,9,8,7,1278788
2019,9,23,10,2155386
2018,9,28,13,1860672
2018,9,6,8,1913864
2018,9,7,15,1965984
2018,9,19,7,2033724
2018,9,7,14,1958702
2019,9,8,1,1054606
2018,9,19,12,2096945
2018,9,6,13,2003435
2018,9,19,9,2054578
2019,9,23,8,2034143
2018,9,7,11,1771767
2018,9,19,8,1984728
2018,9,28,16,1921587
2018,9,7,10,2050203
2018,9,6,11,1843113
2018,9,7,12,1803914
2018,9,28,14,1990507
2018,9,6,9,1766705
2018,9,28,19,2342275
2018,9,6,14,2032390
2018,9,7,16,1957726
2018,9,6,12,1955122
2018,9,19,10,2105222
2019,9,8,10,1379192
2018,9,19,11,1968755
2019,9,8,6,1190692
2019,9,8,5,1117444
2018,9,6,10,1798776
2018,9,7,13,1893544
2019,9,23,9,2163223
2018,9,19,13,1984759
2019,9,23,11,1777184
2019,9,8,4,1069399
2018,9,2,22,1550111
2019,9,11,16,1567826
2018,9,29,14,1898059
2018,9,29,11,1766161
2018,9,29,13,1857208
2019,9,11,14,1561703
2019,9,7,6,1278849
2018,9,29,12,1817659
2018,9,2,18,1845038
2019,9,9,9,1274109
2019,9,7,4,1225399
2019,9,9,12,1412252
2018,9,2,16,1709947
2018,9,2,20,1884647
2019,9,21,13,1551364
2018,9,2,17,1700225
2019,9,9,8,1272239
2019,9,11,15,1562025
2019,9,11,11,1379569
2019,9,9,6,1216868
2019,9,11,10,1435279
2019,9,11,13,1552845
2019,9,7,2,853735
2018,9,2,23,1483411
2019,9,7,5,1237797
2019,9,9,5,1077947
2018,9,29,10,1918107
2019,9,7,9,1416130
2019,9,21,15,1621740
2018,9,2,21,1766882
2018,9,2,19,2001221
2019,9,11,17,1512838
2019,9,7,7,1383395
2019,9,21,14,1609050
2019,9,21,18,1614790
2019,9,7,3,1195555
2019,9,11,12,1464560
2019,9,9,10,1320185
2019,9,9,13,1494701
2019,9,9,7,1311073
2019,9,21,16,1613071
2018,9,29,8,1933843
2019,9,7,10,1414318
2019,9,9,11,1375588
2019,9,7,8,1468816
2019,9,21,12,1709415
2018,9,29,9,1884744
2019,9,21,17,1621119
2018,9,14,15,1886121
2019,9,1,14,1617313
2018,9,1,23,1470484
2018,9,19,0,1667935
2019,9,10,15,1564429
2018,9,19,1,1790155
2018,9,21,11,1703402
2018,9,1,17,1737264
2018,9,21,10,1834948
2019,9,1,11,1486106
2018,9,19,2,1928711
2019,9,10,11,1447684
2019,9,10,10,1432829
2018,9,14,13,1699421
2018,9,14,17,1908362
2018,9,1,22,1517516
2019,9,1,8,1407292
2018,9,1,19,1790179
2018,9,1,21,1590678
2019,9,1,15,1590278
2018,9,21,13,1964400
2019,9,1,12,1528327
2018,9,21,14,2040385
2018,9,14,18,1871682
2018,9,1,20,1715068
2019,9,10,9,1468743
2018,9,21,8,1884648
2019,9,10,13,1502040
2018,9,14,14,1849385
2018,9,1,16,1716790
2018,9,21,12,1960587
2018,9,21,9,2034706
2019,9,1,10,1435925
2018,9,14,12,1682341
2018,9,19,5,1779503
2019,9,10,14,1589339
2018,9,19,6,1881984
2019,9,10,12,1480957
2018,9,14,11,1613531
2018,9,19,3,1877523
2018,9,14,16,1843826
2019,9,1,13,1534675
2018,9,19,4,1881193
2019,9,1,9,1431690
2018,9,1,18,1718078
2019,9,10,8,1350728
2019,9,16,20,1918025
2018,9,5,7,1583231
2019,9,3,5,1327127
2019,9,5,17,1520113
2018,9,20,6,1589023
2019,9,3,2,1377859
2018,9,5,8,1646925
2019,9,3,4,1299323
2019,9,20,21,1663397
2019,9,5,19,1575255
2019,9,3,1,1386454
2019,9,20,19,1593088
2019,9,3,7,1511901
2018,9,20,10,1862118
2019,9,3,8,1507954
2018,9,5,5,1470424
2019,9,3,3,1308225
2019,9,3,6,1440351
2019,9,16,17,1872680
2018,9,5,4,1430105
2019,9,5,16,1554533
2019,9,20,20,1710223
2018,9,20,7,1720164
2018,9,5,3,1468868
2019,9,16,21,1774336
2019,9,20,16,1552375
2019,9,5,21,1431150
2019,9,20,17,1538162
2018,9,20,4,1490668
2018,9,20,8,1821981
2019,9,5,18,1533270
2018,9,5,9,1734751
2019,9,20,18,1609665
2019,9,20,22,1467287
2018,9,5,10,1681264
2018,9,20,11,1889913
2018,9,20,9,1833709
2019,9,5,20,1577614
2019,9,5,15,1563026
2018,9,5,6,1582687
2019,9,16,16,1776853
2018,9,20,5,1486537
2019,9,16,19,1996411
2019,9,5,14,1545266
2019,9,16,18,1953513
2019,9,25,20,1604141
2019,9,22,16,1606227
2019,9,25,4,1401174
2019,9,22,14,1618523
2018,9,17,7,1903217
2019,9,22,13,1573567
2019,9,25,5,1412042
2019,9,25,0,1322536
2019,9,4,16,1627546
2018,9,17,9,1885580
2018,9,26,10,1828423
2019,9,25,14,1674993
2018,9,17,8,1906697
2018,9,26,8,1911221
2019,9,25,18,1565551
2019,9,25,17,1519405
2019,9,22,18,1649609
2019,9,4,17,1625143
2018,9,17,5,1586258
2018,9,17,6,1649752
2019,9,22,12,1562702
2018,9,17,11,1852871
2019,9,25,15,1635934
2018,9,26,7,1920668
2019,9,4,15,1679409
2019,9,22,17,1644586
2019,9,25,3,1319560
2019,9,25,2,1320603
2019,9,25,6,1472563
2019,9,25,1,1311045
2018,9,26,12,1895077
2019,9,25,16,1578615
2019,9,4,18,1684897
2019,9,25,19,1645419
2019,9,22,15,1638071
2019,9,4,20,1690638
2018,9,26,11,1775194
2018,9,26,13,2048788
2019,9,4,19,1761454
2019,9,4,21,1562521
2018,9,26,9,1746802
2018,9,17,10,1919179
2018,9,3,10,1773453
2018,9,1,15,1703157
2018,9,9,3,1465246
2018,9,25,21,1735275
2018,9,9,8,1685186
2018,9,9,5,1438181
2018,9,3,13,1885009
2018,9,25,19,1918504
2018,9,9,6,1596674
2018,9,1,9,1537052
2019,9,8,18,1515090
2018,9,3,12,1977930
2019,9,8,11,1385414
2018,9,25,18,1909798
2018,9,25,23,1727608
2018,9,1,11,1560517
2018,9,9,7,1642878
2019,9,8,14,1516194
2018,9,25,22,1775315
2018,9,1,10,1552508
2018,9,9,9,1724926
2019,9,13,18,1471246
2018,9,3,11,1861689
2019,9,8,13,1449212
2019,9,13,15,1451277
2018,9,3,9,1752748
2019,9,13,13,1405801
2018,9,1,8,1489277
2019,9,13,19,1473873
2019,9,8,17,1482222
2018,9,1,12,1668584
2019,9,8,12,1423380
2018,9,9,2,1456126
2019,9,13,16,1519465
2019,9,13,17,1507269
2018,9,25,17,1914539
2018,9,9,4,1427890
2019,9,8,16,1536141
2018,9,1,14,1723700
2019,9,8,15,1541774
2019,9,13,12,1371833
2019,9,13,14,1465852
2018,9,3,7,1771589
2018,9,25,20,1811751
2018,9,3,8,1783749
2018,9,1,13,1695998
2018,9,22,15,1936917
2018,9,11,11,1649451
2018,9,16,16,1881622
2018,9,22,14,1932098
2019,9,4,8,1461875
2018,9,12,5,1487827
2018,9,11,12,1858249
2019,9,18,7,1516947
2018,9,22,17,1854582
2018,9,12,4,1390955
2019,9,18,1,1402534
2018,9,22,12,1729149
2019,9,18,6,1471350
2019,9,18,2,1397112
2019,9,4,12,1677982
2019,9,4,10,1519036
2018,9,12,7,1634529
2019,9,18,3,1329272
2018,9,12,8,1709923
2019,9,4,11,1612422
2019,9,4,9,1484104
2018,9,16,20,2001238
2018,9,12,6,1583118
2018,9,12,3,1399871
2018,9,11,13,1893278
2018,9,22,16,1854189
2019,9,18,5,1400764
2018,9,16,19,1896680
2018,9,16,18,1873701
2018,9,16,17,1864049
2018,9,11,16,1897715
2018,9,16,15,1900082
2019,9,4,14,1715128
2019,9,18,4,1332105
2018,9,11,15,1878104
2018,9,22,18,1881134
2018,9,12,2,1388277
2019,9,4,13,1738388
2018,9,22,13,1925897
2018,9,12,1,1412535
2018,9,11,14,1895175
2018,9,11,17,1842640
2018,9,16,14,2063255
2018,9,14,9,1723743
2019,9,7,13,1580383
2018,9,14,8,1616597
2019,9,7,16,1657884
2019,9,16,3,1371709
2018,9,5,11,1643400
2019,9,7,15,1650172
2018,9,15,19,1903480
2019,9,7,11,1442224
2018,9,30,9,1955442
2018,9,30,10,1987249
2019,9,16,5,1404693
2018,9,15,17,1866418
2018,9,15,16,1822564
2018,9,30,11,1866968
2018,9,14,6,1613490
2018,9,14,7,1680547
2018,9,15,22,1566506
2018,9,5,15,1930467
2019,9,16,4,1406817
2018,9,30,8,1951492
2018,9,30,12,1847673
2018,9,5,14,2003220
2018,9,30,7,1804833
2018,9,30,6,1711259
2018,9,15,20,1879758
2018,9,15,18,1828450
2019,9,16,7,1599989
2018,9,14,5,1487308
2018,9,5,16,1880474
2018,9,5,17,1884230
2019,9,7,17,1635036
2018,9,14,4,1393760
2018,9,5,13,1848162
2018,9,14,3,1392214
2019,9,16,6,1474245
2019,9,16,8,1595988
2018,9,15,21,1875829
2018,9,5,12,1738229
2019,9,7,12,1542476
2018,9,14,10,1683559
2019,9,16,2,1397677
2019,9,7,14,1610847
2018,9,16,8,1804125
2018,9,13,7,1720421
2019,9,1,19,1555594
2018,9,16,7,1750400
2019,9,1,17,1538059
2018,9,21,1,1483644
2018,9,9,20,1883576
2018,9,16,12,1803329
2019,9,12,6,1391960
2019,9,12,5,1281635
2018,9,16,11,1746704
2018,9,21,5,1729976
2018,9,21,6,1800349
2018,9,21,2,1484022
2018,9,9,19,1990708
2018,9,16,10,1832630
2018,9,21,3,1592934
2019,9,12,10,1427590
2019,9,12,9,1392007
2018,9,9,22,1598687
2019,9,1,23,1179360
2018,9,21,4,1673383
2018,9,13,11,1705009
2019,9,12,8,1371983
2018,9,16,13,1890443
2019,9,1,16,1511196
2018,9,13,8,1814714
2018,9,9,17,1838565
2019,9,12,4,1194892
2019,9,1,20,1520548
2019,9,12,3,1190898
2018,9,9,21,1774967
2018,9,16,9,1846289
2019,9,1,22,1267227
2018,9,13,6,1650540
2018,9,21,7,1888696
2018,9,13,9,1856883
2018,9,9,16,1857446
2019,9,1,21,1474053
2018,9,9,18,1872963
2018,9,13,5,1557439
2018,9,13,10,1791206
2019,9,12,7,1387397
2019,9,1,18,1546252
2018,9,29,20,1866910
2019,9,17,4,1543379
2019,9,17,9,1631781
2019,9,24,18,1715189
2018,9,23,15,1941577
2018,9,29,15,1894548
2019,9,24,21,1459600
2019,9,17,8,1640749
2018,9,23,14,2002359
2019,9,17,6,1571140
2019,9,17,5,1514887
2018,9,26,15,2082854
2018,9,29,18,1808074
2018,9,29,16,1819659
2018,9,23,16,1896635
2018,9,23,18,2136636
2018,9,26,18,1984933
2018,9,26,17,2010668
2018,9,29,17,1837619
2018,9,29,19,1837302
2018,9,26,16,1982713
2018,9,10,7,1589563
2019,9,24,19,1867790
2018,9,26,14,2231301
2018,9,10,9,1698592
2019,9,24,22,1355839
2018,9,26,19,1984389
2018,9,10,13,1896010
2019,9,24,17,1895861
2018,9,10,12,1783928
2018,9,10,8,1633454
2018,9,23,19,2141616
2018,9,29,21,1777455
2018,9,10,10,1724745
2018,9,10,11,1731766
2019,9,17,7,1613442
2018,9,23,17,1885403
2019,9,24,20,1614879
2018,9,3,18,1816707
2018,9,12,19,2274271
2018,9,1,4,1497119
2018,9,3,14,1875775
2018,9,2,11,1555772
2019,9,18,11,1637168
2018,9,12,20,2060850
2018,9,3,15,1738805
2019,9,18,8,1585876
2018,9,18,17,2038922
2018,9,18,22,1610250
2018,9,1,5,1475419
2018,9,2,12,1641073
2018,9,3,20,1781232
2019,9,18,10,1599698
2018,9,2,10,1505211
2018,9,2,8,1487173
2018,9,1,1,1539935
2018,9,2,9,1480565
2019,9,18,9,1643344
2018,9,18,19,2077732
2019,9,18,12,1705670
2018,9,2,15,1722898
2018,9,18,23,1711031
2018,9,2,14,1683046
2018,9,18,18,1983309
2018,9,12,17,2239506
2018,9,12,18,2199334
2018,9,12,16,2365577
2018,9,1,7,1513643
2018,9,1,6,1554678
2018,9,18,20,2019735
2018,9,3,17,1743121
2018,9,1,3,1363639
2019,9,18,13,1697237
2018,9,3,16,1764421
2018,9,1,0,1553159
2018,9,2,13,1656978
2018,9,1,2,1490035
2018,9,18,21,1814505
2018,9,3,19,1725845
2019,9,3,14,1525095
2019,9,4,6,1403573
2019,9,2,11,1520481
2019,9,3,10,1472817
2019,9,3,13,1606870
2019,9,4,2,1306203
2018,9,20,13,2170540
2019,9,23,22,1725031
2019,9,2,20,1684104
2019,9,2,22,1467386
2019,9,4,4,1250537
2019,9,2,10,1417954
2019,9,2,14,1612363
2019,9,23,21,1815527
2019,9,4,3,1249715
2019,9,4,0,1360353
2019,9,3,11,1515342
2019,9,2,18,1645311
2019,9,4,5,1309911
2018,9,20,14,2173590
2019,9,2,21,1556424
2018,9,20,15,1894611
2019,9,4,7,1423535
2019,9,23,19,1819291
2019,9,4,1,1254855
2019,9,2,13,1604468
2019,9,3,12,1601813
2019,9,2,19,1721255
2018,9,20,17,1899342
2018,9,20,12,2114308
2019,9,2,16,1678006
2019,9,23,20,1878612
2019,9,3,15,1572565
2019,9,2,12,1578875
2019,9,2,15,1648709
2018,9,20,16,1913147
2019,9,3,9,1452861
2019,9,2,17,1624233
2019,9,2,23,1376755
2019,9,23,23,1778763
2019,9,17,23,1425291
2019,9,14,20,1595193
2018,9,6,3,1421607
2018,9,18,10,1810698
2018,9,6,2,1461081
2018,9,24,6,1751739
2018,9,18,15,1970470
2019,9,14,16,1504100
2019,9,14,19,1598862
2019,9,14,14,1525552
2019,9,17,20,1810715
2019,9,21,10,1558854
2018,9,24,1,1629435
2018,9,24,5,1705239
2018,9,24,4,1710964
2018,9,24,3,1619964
2019,9,21,9,1511246
2018,9,6,1,1452414
2019,9,17,18,1706542
2018,9,18,11,1738779
2018,9,6,7,1816297
2019,9,14,17,1486647
2018,9,18,12,1826222
2019,9,21,7,1497851
2018,9,6,5,1507565
2019,9,21,11,1598714
2018,9,24,2,1754631
2018,9,18,14,1966258
2019,9,14,15,1511042
2019,9,17,22,1562120
2019,9,17,19,1813257
2019,9,21,6,1487724
2019,9,14,18,1541779
2018,9,6,4,1404467
2019,9,21,8,1590396
2019,9,17,21,1662598
2018,9,18,13,1883034
2018,9,18,16,2037243
2018,9,6,6,1668873
2018,9,30,16,2011402
2019,9,20,14,1624112
2019,9,14,9,1400594
2018,9,11,6,1559931
2018,9,7,7,1884674
2018,9,30,15,2040149
2019,9,14,13,1506593
2019,9,20,15,1572761
2018,9,8,17,1940363
2019,9,14,7,1383881
2018,9,8,16,1920273
2018,9,11,5,1497154
2018,9,30,17,2078105
2018,9,8,18,1958070
2018,9,7,5,1613642
2018,9,7,4,1461984
2019,9,15,7,1581989
2019,9,15,9,1614108
2019,9,14,8,1378338
2018,9,7,6,1718737
2019,9,20,11,1668966
2019,9,15,8,1638298
2018,9,8,14,1985217
2019,9,15,11,1729183
2018,9,8,15,1926374
2018,9,7,9,2073184
2018,9,30,18,2083809
2018,9,11,9,1703396
2019,9,15,6,1384830
2019,9,20,13,1667719
2018,9,11,4,1443791
2019,9,20,12,1643713
2019,9,14,11,1486660
2018,9,8,13,1923550
2019,9,14,12,1493307
2019,9,14,10,1436273
2019,9,15,10,1690444
2018,9,11,10,1691058
2019,9,20,10,1612324
2018,9,11,8,1703704
2018,9,7,8,2094657
2018,9,30,14,2097846
2018,9,30,13,1993040
2018,9,11,7,1578462
2019,9,19,16,1667163
2018,9,6,16,1940084
2019,9,28,18,1639403
2019,9,22,22,1715818
2019,9,28,15,1648187
2018,9,6,18,1897153
2019,9,9,16,1516949
2019,9,19,18,1610000
2019,9,19,17,1615341
2018,9,10,18,1915701
2019,9,22,21,1747650
2019,9,22,20,1847256
2018,9,6,20,1853845
2018,9,2,6,1412800
2019,9,28,14,1665248
2019,9,28,16,1592057
2018,9,6,19,1952014
2019,9,19,15,1710046
2018,9,2,4,1308779
2019,9,9,17,1549311
2018,9,2,3,1264212
2018,9,6,17,1872263
2018,9,2,1,1307916
2018,9,10,15,1896924
2019,9,9,18,1612388
2019,9,28,17,1597547
2019,9,9,14,1474517
2018,9,6,15,1926418
2018,9,2,5,1356104
2018,9,10,14,1901792
2018,9,2,0,1379309
2018,9,10,17,1972805
2019,9,19,13,1734586
2018,9,10,19,1947117
2019,9,22,23,1707852
2018,9,2,2,1346394
2019,9,9,15,1497104
2019,9,28,19,1851677
2019,9,19,14,1748272
2019,9,9,19,1604684
2018,9,10,16,1887500
2019,9,9,20,1522038
2018,9,2,7,1460304
2019,9,22,19,1815175
2019,9,10,18,1542786
2018,9,26,1,1745428
2019,9,5,11,1482996
2018,9,16,1,1554877
2019,9,5,9,1387300
2019,9,6,7,1383253
2018,9,29,4,1602839
2019,9,6,2,1163220
2018,9,23,1,1563705
2018,9,16,3,1458269
2019,9,5,10,1433515
2019,9,5,13,1543325
2018,9,16,0,1377767
2019,9,6,0,1222646
2018,9,29,6,1696011
2019,9,10,20,1583965
2019,9,6,4,1167781
2019,9,10,21,1371806
2018,9,16,5,1511787
2019,9,10,22,1228638
2018,9,26,2,1722393
2018,9,29,2,1737966
2019,9,10,19,1590244
2018,9,23,3,1672023
2019,9,6,1,1180323
2018,9,29,7,1801749
2019,9,10,17,1486581
2018,9,23,6,1689298
2018,9,23,4,1749904
2019,9,6,5,1196959
2018,9,26,3,1701900
2019,9,10,16,1489346
2018,9,23,5,1650421
2019,9,6,3,1168923
2019,9,5,12,1517814
2018,9,23,2,1796242
2018,9,26,6,1819446
2018,9,29,3,1660859
2018,9,16,4,1495261
2018,9,16,2,1584061
2018,9,26,5,1709786
2018,9,29,5,1704399
2018,9,26,4,1683822
2019,9,5,8,1364585
2018,9,16,6,1645944
2019,9,5,7,1370729
2019,9,6,6,1323739
2018,9,3,6,1695350
2018,9,19,15,1826151
2018,9,17,17,1997444
2018,9,3,4,1450105
2018,9,28,0,1655878
2018,9,19,19,2148008
2019,9,21,2,1366473
2018,9,28,3,1591251
2019,9,21,3,1463809
2019,9,29,19,1675476
2019,9,29,18,1640861
2018,9,17,13,1996498
2018,9,3,1,1307550
2018,9,3,5,1532774
2019,9,21,5,1413470
2019,9,21,1,1358498
2018,9,19,16,1933173
2018,9,7,21,1734817
2018,9,28,6,1677858
2018,9,17,15,1998772
2018,9,19,14,1887030
2019,9,29,14,1735713
2019,9,21,0,1347447
2018,9,28,5,1570431
2019,9,29,16,1646481
2018,9,19,17,1947751
2018,9,3,2,1405183
2018,9,17,12,1939959
2018,9,7,22,1647759
2018,9,19,18,2218086
2018,9,7,19,1879921
2019,9,29,15,1766248
2018,9,17,14,2064163
2019,9,29,17,1626796
2018,9,28,1,1567166
2018,9,7,20,1825984
2018,9,3,3,1380069
2018,9,17,16,1964453
2018,9,3,0,1388606
2018,9,7,17,1934108
2018,9,28,2,1664130
2018,9,28,4,1538963
2019,9,21,4,1415090
2018,9,7,18,1918403
2018,9,21,16,1875642
2018,9,15,11,1812006
2019,9,3,18,1688367
2019,9,3,20,1674608
2018,9,21,17,1821335
2018,9,27,19,2028620
2018,9,27,17,1912930
2018,9,15,10,1756917
2018,9,27,18,2064452
2018,9,9,12,1824303
2018,9,21,19,1861955
2018,9,15,12,1814964
2018,9,9,11,1728991
2018,9,5,19,1901856
2018,9,9,15,1898634
2018,9,27,22,1699334
2018,9,5,20,1923369
2018,9,25,12,1890928
2018,9,15,14,1852798
2018,9,27,21,1790151
2018,9,5,21,1723949
2018,9,21,15,1963047
2018,9,5,18,1905955
2018,9,25,14,2041575
2018,9,9,14,1911412
2018,9,25,11,1781661
2018,9,25,16,1944865
2018,9,25,13,1944959
2018,9,21,18,1858131
2018,9,27,20,2154047
2019,9,3,19,1731212
2018,9,9,13,1894029
2018,9,5,22,1604539
2018,9,15,13,1786138
2019,9,3,17,1684006
2018,9,15,15,1810936
2019,9,3,16,1646388
2018,9,9,10,1740693
2019,9,3,21,1541219
2018,9,21,20,1843473
2018,9,25,15,1981974
2018,9,5,23,1584792
2019,9,30,23,1868870
2018,9,27,6,1637123
2018,9,22,8,1642978
2018,9,20,19,1907797
2019,9,1,4,1307350
2019,9,10,4,1097862
2019,9,30,21,1973198
2019,9,10,2,1094197
2018,9,20,18,2062972
2018,9,20,23,1562540
2019,9,1,5,1252049
2019,9,1,6,1335090
2019,9,10,5,1131033
2019,9,10,1,1091848
2019,9,10,6,1136181
2018,9,22,11,1706659
2018,9,27,8,1855325
2019,9,10,7,1264857
2018,9,17,20,1956946
2018,9,20,20,1836512
2018,9,20,22,1588662
2018,9,27,4,1483520
2018,9,27,7,1735072
2018,9,17,18,2062948
2019,9,10,3,1058645
2018,9,27,5,1576184
2018,9,17,22,1619451
2018,9,22,7,1670021
2018,9,22,10,1803981
2018,9,22,6,1632561
2019,9,1,7,1396163
2019,9,10,0,1098232
2019,9,1,1,1294166
2019,9,1,3,1281211
2019,9,1,2,1300615
2019,9,30,22,1960421
2018,9,17,21,1807659
2018,9,17,23,1632057
2018,9,22,9,1698841
2019,9,30,20,2229767
2018,9,17,19,2019842
2018,9,20,21,1677261
2018,9,27,3,1546804
2019,9,7,18,1625790
2019,9,19,20,1775477
2019,9,7,22,1327873
2018,9,11,20,1785078
2018,9,28,12,1820728
2019,9,7,19,1640080
2018,9,11,19,1838403
2019,9,7,20,1625056
2018,9,28,9,1700544
2019,9,6,16,1591610
2019,9,19,21,1569591
2018,9,30,4,1449323
2018,9,11,22,1482691
2018,9,30,0,1562392
2019,9,6,20,724749
2019,9,19,22,1477380
2018,9,28,7,1680409
2019,9,19,19,1660977
2018,9,28,11,1738922
2019,9,28,22,1805993
2019,9,28,23,1654621
2019,9,28,20,1992225
2019,9,7,21,1505581
2018,9,10,5,1428093
2019,9,6,19,1210353
2019,9,6,21,1010847
2018,9,30,2,1520154
2018,9,30,5,1652833
2019,9,6,22,927891
2018,9,10,0,1359671
2018,9,11,21,1613807
2019,9,6,18,880649
2018,9,28,10,1743250
2018,9,10,4,1352674
2018,9,11,23,1428472
2018,9,11,18,1882387
2018,9,28,8,1710535
2019,9,28,21,1921915
2019,9,6,23,1034769
2018,9,10,1,1363450
2018,9,30,3,1413459
2018,9,10,3,1362122
2018,9,10,2,1333978
2019,9,6,17,1401229
2018,9,30,1,1565801
2019,9,7,23,1187144
2019,9,19,23,1395109
2018,9,10,6,1451624
2018,9,22,0,1393613
2019,9,5,5,1188253
2019,9,11,20,1552053
2018,9,8,22,1738019
2019,9,15,23,1378372
2019,9,15,5,1377854
2018,9,8,21,1851359
2018,9,8,19,1950983
2018,9,22,3,1484577
2019,9,5,3,1136837
2019,9,11,22,1433322
2019,9,15,4,1216717
2019,9,14,4,1107989
2019,9,11,21,1418590
2018,9,22,2,1566256
2019,9,15,3,1198817
2019,9,15,22,1501175
2019,9,14,6,1269270
2018,9,22,1,1475912
2019,9,26,4,1344187
2019,9,14,5,1188724
2019,9,15,21,1664303
2018,9,22,5,1520190
2019,9,14,2,1082467
2019,9,26,2,1370460
2019,9,5,6,1271183
2019,9,5,2,1131294
2019,9,26,3,1293822
2019,9,15,1,1233798
2019,9,5,4,1128365
2019,9,5,1,1170595
2019,9,14,3,1144673
2019,9,14,0,1054848
2019,9,15,0,1214700
2019,9,15,19,1810404
2018,9,8,23,1653287
2019,9,11,23,1325081
2019,9,15,20,1736362
2018,9,8,20,1990623
2019,9,26,1,1390858
2018,9,22,4,1473047
2019,9,14,1,1040460
2019,9,11,19,1553654
2019,9,11,18,1497724
2019,9,15,2,1242742
2019,9,26,0,1339047
2019,9,5,0,1221699
2019,9,19,3,1353226
2018,9,8,3,1633750
2018,9,14,22,1656527
2019,9,27,21,1735995
2018,9,30,20,1909683
2019,9,21,20,1550044
2019,9,21,19,1757846
2018,9,17,3,1621139
2018,9,30,23,1548905
2019,9,19,2,1417505
2019,9,19,1,1335243
2018,9,30,21,1744700
2018,9,17,2,1758010
2019,9,17,1,1564075
2018,9,17,0,1459210
2018,9,22,20,1827402
2018,9,8,4,1593325
2018,9,8,2,1611865
2018,9,14,23,1608279
2018,9,8,1,1569837
2018,9,8,0,1578608
2018,9,14,21,1747122
2018,9,22,19,1847484
2018,9,14,19,1889127
2019,9,19,0,1374174
2019,9,21,21,1344083
2019,9,27,20,1869823
2018,9,17,4,1584306
2019,9,17,3,1536466
2019,9,19,4,1330690
2019,9,21,23,1184623
2019,9,17,0,1588898
2018,9,14,20,1913649
2018,9,30,19,2079476
2018,9,22,23,1667918
2019,9,17,2,1530365
2019,9,27,23,1190280
2018,9,17,1,1541877
2018,9,22,22,1623297
2019,9,21,22,1191642
2018,9,22,21,1772238
2018,9,30,22,1578684
2019,9,27,22,1569396
2019,9,12,19,1607724
2018,9,26,21,1713046
2018,9,26,20,1935517
2018,9,10,21,1738755
2018,9,4,22,1540611
2018,9,28,23,1640508
2019,9,8,21,1397067
2019,9,27,3,1284742
2018,9,23,22,1686633
2018,9,13,0,1486412
2019,9,8,20,1520113
2019,9,12,20,1580068
2018,9,26,23,1580099
2018,9,19,23,1683361
2018,9,4,23,1640741
2018,9,13,3,1518598
2018,9,23,20,2124248
2019,9,12,21,1417363
2019,9,27,0,1280196
2019,9,26,21,1543927
2019,9,26,23,1251010
2018,9,19,20,2118650
2018,9,23,21,2002476
2018,9,10,23,1557555
2018,9,10,22,1516556
2018,9,19,21,1917386
2019,9,8,23,909283
2019,9,8,22,1103964
2019,9,8,19,1553487
2018,9,28,20,2164449
2018,9,19,22,1673861
2019,9,27,2,1277686
2019,9,27,1,1267777
2018,9,28,21,1760515
2019,9,12,23,1223596
2019,9,26,20,1665212
2018,9,13,4,1574321
2019,9,12,22,1238960
2019,9,26,22,1383132
2018,9,13,1,1472098
2018,9,4,20,1850808
2018,9,26,22,1656778
2018,9,28,22,1604819
2018,9,13,2,1499378
2018,9,23,23,1555850
2018,9,4,21,1674471
2018,9,10,20,1867946
2018,9,20,1,1594612
2018,9,20,0,1565454
2019,9,13,22,1138618
2018,9,13,20,1785000
2018,9,12,23,1687924
2018,9,24,23,1701562
2018,9,7,1,1445871
2019,9,30,4,1104493
2019,9,29,23,1138001
2018,9,7,0,1540037
2018,9,12,22,1642657
2018,9,4,1,1406869
2018,9,12,21,1850105
2018,9,11,3,1394253
2018,9,11,1,1432227
2019,9,9,1,1087745
2018,9,4,2,1519432
2018,9,11,2,1396650
2018,9,11,0,1413690
2018,9,13,21,1744664
2019,9,29,22,1347185
2019,9,13,20,1440900
2019,9,29,21,1538923
2019,9,30,3,1093895
2018,9,24,22,1690472
2018,9,13,23,1415058
2018,9,24,21,1815684
2019,9,30,2,1133839
2018,9,7,2,1361778
2018,9,20,2,1591537
2018,9,27,2,1571414
2018,9,4,3,1706589
2019,9,29,20,1604517
2018,9,27,1,1557639
2019,9,9,2,1018119
2019,9,13,21,1317730
2018,9,6,23,1616392
2018,9,4,0,1419548
2018,9,13,22,1455283
2019,9,9,3,1008427
2018,9,6,21,1760125
2019,9,30,1,1167769
2019,9,9,4,982561
2018,9,27,0,1557242
2018,9,6,22,1582977
2018,9,20,3,1525054
2018,9,7,3,1329821
2019,9,30,0,1196483
2019,9,13,23,995730
2019,9,9,0,1072732
2018,9,5,1,1501197
2019,9,14,23,1203039
2018,9,16,23,1532005
2018,9,15,1,1551944
2019,9,12,0,1233870
2018,9,21,21,1705802
2019,9,9,23,1118420
2019,9,22,2,1087043
2018,9,16,22,1550597
2018,9,21,22,1522556
2019,9,12,1,1151051
2018,9,29,1,1677153
2019,9,16,0,1427125
2019,9,22,0,1066729
2018,9,14,0,1402382
2019,9,20,1,1472868
2018,9,15,0,1546045
2019,9,14,22,1330926
2018,9,14,2,1345164
2018,9,29,22,1664570
2018,9,3,23,1468198
2019,9,16,23,1458752
2018,9,5,2,1488594
2019,9,16,22,1588145
2019,9,18,23,1366977
2018,9,3,22,1479756
2019,9,16,1,1437531
2018,9,3,21,1602347
2018,9,5,0,1503349
2018,9,16,21,1746634
2018,9,9,1,1498197
2018,9,29,23,1631191
2019,9,14,21,1491066
2018,9,29,0,1643350
2019,9,18,22,1474710
2019,9,9,21,1321122
2018,9,14,1,1363481
2018,9,25,2,1333317
2019,9,20,0,1448209
2019,9,25,22,1269126
2019,9,22,1,1084263
2018,9,25,0,1672895
2018,9,9,0,1533876
2019,9,12,2,1156505
2019,9,25,23,1195081
2018,9,25,1,1527914
2019,9,9,22,1220960
2018,9,21,23,1558950
2019,9,25,21,1463503
2018,9,7,23,1668532
2019,9,5,23,1206731
2019,9,5,22,1275002
2019,9,23,0,1816515
2018,9,9,23,1376952
2019,9,8,0,1117937
2018,9,23,0,1602791
2019,9,13,1,1148443
2018,9,27,23,1756055
2019,9,3,0,1379078
2019,9,3,23,1321048
2019,9,28,1,1044493
2019,9,1,0,1382736
2018,9,12,0,1398815
2018,9,24,0,1547985
2019,9,18,0,1437236
2018,9,18,0,1680658
2019,9,7,0,956657
2019,9,20,23,1291019
2019,9,3,22,1388072
2018,9,15,23,1541669
2018,9,21,0,1491194
2019,9,28,0,1108680
2019,9,10,23,1145305
2018,9,6,0,1566399
2019,9,24,23,1292922
2019,9,4,22,1349445
2019,9,4,23,1261044
2019,9,29,0,1602877
2018,9,26,0,1657392
2019,9,13,0,1308118
2019,9,7,1,771421
